pm10,so2,co,o3,no2,kategori
35,20,22,27,2,BAIK
14,18,12,17,1,BAIK
24,21,20,19,2,BAIK
23,19,17,21,2,BAIK
18,19,14,24,2,BAIK
21,20,14,27,2,BAIK
48,27,19,44,3,BAIK
24,23,16,29,2,BAIK
28,23,16,44,3,BAIK
40,30,18,36,4,BAIK
35,22,18,38,4,BAIK
39,23,17,50,4,BAIK
31,23,17,38,4,BAIK
30,21,19,33,3,BAIK
24,23,19,29,3,BAIK
35,23,19,34,4,BAIK
41,22,22,23,5,BAIK
46,22,27,20,5,BAIK
27,20,18,23,2,BAIK
25,20,17,25,2,BAIK
17,20,17,18,2,BAIK
28,21,17,34,3,BAIK
33,23,20,39,3,BAIK
26,20,19,19,3,BAIK
21,20,19,25,3,BAIK
27,21,19,37,3,BAIK
32,22,17,23,4,BAIK
22,20,17,19,2,BAIK
27,21,20,23,3,BAIK
28,21,20,27,3,BAIK
59,29,36,33,9,SEDANG
18,28,5,33,14,BAIK
52,33,15,73,23,SEDANG
53,49,12,47,15,SEDANG
35,32,11,19,10,BAIK
20,28,6,24,5,BAIK
21,29,6,24,5,BAIK
43,33,12,48,17,BAIK
23,30,5,18,14,BAIK
21,30,6,45,17,BAIK
22,31,6,41,19,BAIK
29,29,7,24,17,BAIK
26,30,5,26,21,BAIK
28,30,6,31,14,BAIK
24,30,11,31,12,BAIK
25,32,13,33,10,BAIK
34,31,11,30,13,BAIK
25,30,11,17,15,BAIK
28,29,26,21,19,BAIK
16,29,9,24,7,BAIK
24,29,9,27,8,BAIK
26,29,10,22,6,BAIK
24,30,8,35,9,BAIK
29,,9,28,19,BAIK
18,,9,20,15,BAIK
20,13,8,37,7,BAIK
26,13,7,34,6,BAIK
28,13,7,22,6,BAIK
19,13,8,25,7,BAIK
20,13,9,28,7,BAIK
25,18,9,39,12,BAIK
14,17,22,35,5,BAIK
17,16,7,39,3,BAIK
15,16,15,101,8,TIDAK SEHAT
11,16,14,57,5,SEDANG
21,16,17,28,6,BAIK
16,16,7,30,4,BAIK
17,16,8,30,3,BAIK
46,16,14,58,5,SEDANG
42,17,12,63,6,SEDANG
42,18,13,50,7,BAIK
38,21,9,45,5,BAIK
20,18,11,62,7,SEDANG
50,20,13,49,6,BAIK
24,18,7,50,3,BAIK
11,16,8,44,3,BAIK
12,16,7,43,1,BAIK
29,16,12,28,6,BAIK
29,,20,35,,BAIK
13,16,6,32,2,BAIK
19,,6,31,1,BAIK
13,,6,32,,BAIK
18,16,8,53,3,SEDANG
23,16,8,49,3,BAIK
17,15,6,30,1,BAIK
20,15,7,31,3,BAIK
18,16,6,41,1,BAIK
32,16,8,52,2,SEDANG
17,15,6,27,,BAIK
23,15,7,30,2,BAIK
76,31,31,33,6,SEDANG
23,31,7,36,3,BAIK
53,35,16,96,10,SEDANG
53,33,12,49,9,SEDANG
44,32,12,18,6,BAIK
18,30,5,21,4,BAIK
26,30,8,19,5,BAIK
62,32,16,48,6,SEDANG
45,32,11,37,7,BAIK
36,34,12,55,9,SEDANG
37,38,9,43,7,BAIK
37,33,13,47,9,BAIK
51,,13,,8,SEDANG
26,72,7,29,5,SEDANG
22,72,11,,7,SEDANG
18,70,7,,5,SEDANG
35,52,12,28,11,SEDANG
38,52,19,,10,SEDANG
36,51,29,24,13,SEDANG
24,51,7,29,5,SEDANG
21,51,6,31,4,SEDANG
20,52,7,25,3,SEDANG
22,52,7,45,5,SEDANG
33,53,15,38,7,SEDANG
21,53,8,23,6,SEDANG
18,53,7,19,5,SEDANG
23,54,6,31,4,SEDANG
34,55,9,33,6,SEDANG
16,54,8,13,5,SEDANG
14,,8,16,4,BAIK
21,54,8,31,5,SEDANG
45,19,38,20,4,BAIK
11,17,24,16,,BAIK
40,21,35,45,11,BAIK
36,20,34,9,8,BAIK
31,18,26,9,5,BAIK
15,18,22,31,3,BAIK
18,19,7,46,4,BAIK
47,27,13,73,11,SEDANG
29,24,16,61,10,SEDANG
,26,11,95,8,SEDANG
,37,7,81,11,SEDANG
32,25,,83,13,SEDANG
43,28,,93,12,SEDANG
33,23,,73,8,SEDANG
20,21,4,70,7,SEDANG
18,46,10,61,2,SEDANG
30,46,9,60,3,SEDANG
33,47,13,56,4,SEDANG
32,42,27,48,5,BAIK
16,40,10,38,2,BAIK
19,40,18,40,2,BAIK
20,38,11,32,2,BAIK
18,42,,57,,SEDANG
31,47,,86,2,SEDANG
19,41,22,51,2,SEDANG
17,41,17,41,2,BAIK
19,44,16,63,2,SEDANG
29,43,20,45,3,BAIK
16,41,18,39,2,BAIK
17,41,22,41,2,BAIK
16,42,21,58,1,SEDANG
44,21,19,31,3,BAIK
46,23,26,30,4,BAIK
18,21,19,27,3,BAIK
22,20,16,27,2,BAIK
31,19,19,27,3,BAIK
24,21,35,31,5,BAIK
28,23,38,29,3,BAIK
13,24,26,,4,BAIK
24,25,19,30,3,BAIK
15,20,21,43,3,BAIK
41,21,22,40,5,BAIK
37,21,25,36,6,BAIK
21,22,32,25,5,BAIK
20,22,23,42,3,BAIK
13,22,17,24,3,BAIK
29,22,19,40,3,BAIK
19,21,20,34,3,BAIK
24,28,22,29,4,BAIK
37,21,19,29,3,BAIK
27,23,28,18,4,BAIK
49,25,29,25,4,BAIK
32,22,19,39,3,BAIK
23,20,16,42,2,BAIK
36,22,22,41,4,BAIK
44,22,26,30,4,BAIK
48,21,26,21,3,BAIK
32,18,37,,13,BAIK
45,22,56,,12,SEDANG
25,21,35,39,10,BAIK
24,21,35,29,12,BAIK
24,20,32,40,9,BAIK
41,27,71,55,16,SEDANG
38,23,60,,14,SEDANG
43,22,62,41,22,SEDANG
38,24,62,,14,SEDANG
31,23,52,,16,SEDANG
31,25,39,,12,BAIK
36,21,56,55,12,SEDANG
44,20,32,53,13,SEDANG
34,22,9,,17,BAIK
28,22,18,,15,BAIK
20,22,13,54,14,SEDANG
39,24,14,42,14,BAIK
19,23,6,60,9,SEDANG
26,24,6,58,14,SEDANG
29,27,7,42,14,BAIK
51,26,12,66,26,SEDANG
45,26,12,26,19,BAIK
56,26,13,,12,SEDANG
24,23,,54,11,SEDANG
28,26,4,69,11,SEDANG
38,25,10,65,15,SEDANG
36,25,17,35,17,BAIK
48,28,15,26,16,BAIK
32,15,11,60,9,SEDANG
47,16,17,68,6,SEDANG
42,,19,57,6,SEDANG
35,,15,54,9,SEDANG
28,,10,52,5,SEDANG
37,16,16,57,5,SEDANG
28,15,16,57,5,SEDANG
55,15,25,52,7,SEDANG
38,16,46,53,9,SEDANG
43,15,16,49,6,BAIK
48,16,11,53,5,SEDANG
50,15,19,58,6,SEDANG
57,16,12,65,5,SEDANG
60,15,14,69,5,SEDANG
51,15,31,41,8,SEDANG
22,15,8,30,2,BAIK
42,15,14,37,4,BAIK
40,15,11,56,4,SEDANG
45,16,11,46,3,BAIK
45,19,15,46,8,BAIK
56,18,15,45,6,SEDANG
50,18,18,47,6,BAIK
59,18,15,58,7,SEDANG
47,16,12,76,5,SEDANG
48,17,13,71,10,SEDANG
46,17,17,79,9,SEDANG
47,17,16,64,5,SEDANG
56,18,22,80,13,SEDANG
37,43,21,40,9,BAIK
44,45,33,41,12,BAIK
39,44,16,39,12,BAIK
32,47,17,34,11,BAIK
26,46,11,26,7,BAIK
45,48,23,38,11,BAIK
42,50,23,35,11,BAIK
52,49,38,31,11,SEDANG
53,,47,30,10,SEDANG
40,2,30,34,10,BAIK
35,3,12,29,7,BAIK
50,2,24,40,7,BAIK
57,2,17,38,10,SEDANG
55,2,47,22,12,SEDANG
19,2,11,31,5,BAIK
53,3,18,31,11,SEDANG
30,3,11,45,6,BAIK
30,3,11,34,7,BAIK
45,5,22,41,11,BAIK
57,5,12,41,11,SEDANG
53,4,20,35,10,SEDANG
64,5,20,61,14,SEDANG
41,2,12,42,10,BAIK
,3,13,64,10,SEDANG
,4,10,58,10,SEDANG
37,3,19,52,12,SEDANG
54,2,16,43,10,SEDANG
34,43,32,73,3,SEDANG
46,45,34,61,4,SEDANG
35,38,21,59,3,SEDANG
27,36,28,57,3,SEDANG
24,35,28,66,3,SEDANG
40,40,59,75,6,SEDANG
37,38,38,89,4,SEDANG
39,,35,89,,SEDANG
53,,88,65,,SEDANG
32,8,34,58,,SEDANG
33,16,24,56,,SEDANG
44,,43,70,,SEDANG
50,10,25,75,5,SEDANG
44,11,27,80,6,SEDANG
46,12,63,58,5,SEDANG
19,7,17,68,3,SEDANG
34,10,23,48,3,BAIK
28,10,23,80,2,SEDANG
24,11,20,65,4,SEDANG
52,32,35,62,7,SEDANG
39,9,22,65,2,SEDANG
52,14,66,38,5,SEDANG
63,21,88,42,5,SEDANG
26,10,22,74,3,SEDANG
23,6,20,91,3,SEDANG
31,10,33,80,4,SEDANG
33,9,42,60,4,SEDANG
39,11,56,56,4,SEDANG
52,22,24,66,4,SEDANG
48,21,23,82,4,SEDANG
57,23,19,51,3,SEDANG
42,22,29,130,5,TIDAK SEHAT
37,20,20,37,3,BAIK
51,28,20,30,4,SEDANG
47,23,24,27,4,BAIK
49,22,26,50,4,BAIK
57,26,29,42,5,SEDANG
49,24,27,23,3,BAIK
36,25,18,32,2,BAIK
36,24,20,24,3,BAIK
49,23,20,23,2,BAIK
52,22,20,36,3,SEDANG
54,28,24,59,5,SEDANG
52,28,20,72,7,SEDANG
62,26,24,56,6,SEDANG
68,24,46,91,4,SEDANG
42,25,21,68,4,SEDANG
44,24,23,133,6,TIDAK SEHAT
47,24,27,67,4,SEDANG
30,23,18,33,3,BAIK
67,24,37,53,7,SEDANG
66,27,23,28,4,SEDANG
26,21,16,40,3,BAIK
48,22,24,40,4,BAIK
25,24,20,91,1,SEDANG
52,24,31,87,4,SEDANG
31,23,26,24,5,BAIK
22,23,31,28,2,BAIK
14,22,15,21,1,BAIK
48,24,13,119,19,TIDAK SEHAT
47,29,13,146,17,TIDAK SEHAT
59,30,,68,15,SEDANG
60,30,17,154,15,TIDAK SEHAT
28,23,9,57,20,SEDANG
36,25,12,56,16,SEDANG
41,26,17,52,21,SEDANG
55,29,31,89,22,SEDANG
56,30,21,59,27,SEDANG
32,25,11,31,12,BAIK
26,25,6,31,10,BAIK
28,24,9,28,9,BAIK
35,25,11,33,8,BAIK
43,31,11,34,11,BAIK
68,37,22,136,30,TIDAK SEHAT
62,30,12,90,15,SEDANG
71,32,17,92,20,SEDANG
72,31,43,109,14,TIDAK SEHAT
43,27,9,99,15,SEDANG
48,29,9,170,15,TIDAK SEHAT
44,25,19,87,14,SEDANG
25,25,7,46,9,BAIK
71,44,31,32,21,SEDANG
63,30,17,55,17,SEDANG
24,24,10,64,19,SEDANG
46,27,17,90,19,SEDANG
34,22,8,94,7,SEDANG
71,31,42,195,21,TIDAK SEHAT
55,34,12,129,15,TIDAK SEHAT
56,30,22,105,18,TIDAK SEHAT
31,25,6,54,7,SEDANG
62,16,23,99,7,SEDANG
43,16,14,110,12,TIDAK SEHAT
57,18,15,80,10,SEDANG
52,16,25,100,7,SEDANG
55,15,27,69,7,SEDANG
63,18,16,103,7,TIDAK SEHAT
66,17,17,76,6,SEDANG
50,16,16,59,6,SEDANG
59,17,18,76,6,SEDANG
60,18,24,54,8,SEDANG
56,17,15,51,7,SEDANG
39,16,12,44,6,BAIK
27,18,9,61,4,SEDANG
62,,19,89,7,SEDANG
53,,17,75,6,SEDANG
54,17,12,136,7,TIDAK SEHAT
61,16,18,68,10,SEDANG
56,16,34,101,6,TIDAK SEHAT
50,16,11,111,5,TIDAK SEHAT
51,16,12,89,6,SEDANG
58,15,30,54,8,SEDANG
26,16,9,51,3,SEDANG
58,16,43,90,12,SEDANG
55,16,14,38,6,SEDANG
31,15,9,48,3,BAIK
29,16,18,56,7,SEDANG
37,15,10,50,4,BAIK
59,15,19,59,8,SEDANG
53,17,23,73,12,SEDANG
54,25,19,83,10,SEDANG
35,48,7,52,3,SEDANG
72,3,27,70,15,SEDANG
51,4,18,95,11,SEDANG
62,6,12,54,18,SEDANG
60,5,23,95,19,SEDANG
61,4,27,50,11,SEDANG
64,24,21,62,13,SEDANG
55,21,27,32,10,SEDANG
50,21,14,44,9,BAIK
53,22,21,48,12,SEDANG
53,23,23,27,9,SEDANG
39,22,14,32,8,BAIK
32,22,16,40,9,BAIK
33,25,9,33,5,BAIK
58,28,16,61,8,SEDANG
56,24,15,42,9,SEDANG
75,26,15,66,11,SEDANG
66,22,16,46,18,SEDANG
64,23,39,85,8,SEDANG
41,23,14,79,9,SEDANG
46,22,12,88,22,SEDANG
62,21,31,87,13,SEDANG
27,21,8,39,6,BAIK
75,22,30,90,10,SEDANG
60,23,15,37,11,SEDANG
36,21,11,38,9,BAIK
51,21,21,36,12,SEDANG
41,22,11,43,6,BAIK
75,23,30,66,26,SEDANG
71,25,22,105,19,TIDAK SEHAT
56,25,20,68,30,SEDANG
37,22,9,39,8,BAIK
51,13,40,126,5,TIDAK SEHAT
44,8,34,132,4,TIDAK SEHAT
53,15,37,109,5,TIDAK SEHAT
56,13,64,194,5,TIDAK SEHAT
48,10,48,79,3,SEDANG
48,25,30,98,4,SEDANG
44,11,48,68,3,SEDANG
33,13,47,107,3,TIDAK SEHAT
52,15,59,81,4,SEDANG
25,18,22,51,4,SEDANG
30,18,11,63,3,SEDANG
26,15,12,46,4,BAIK
25,28,6,49,2,BAIK
48,25,12,83,,SEDANG
54,13,23,110,,TIDAK SEHAT
44,17,13,191,,TIDAK SEHAT
57,13,18,155,5,TIDAK SEHAT
65,13,54,195,,TIDAK SEHAT
36,14,10,156,,TIDAK SEHAT
30,12,10,202,,SANGAT TIDAK SEHAT
55,,,,,SEDANG
23,,,,,BAIK
64,14,49,94,4,SEDANG
59,21,12,52,5,SEDANG
28,9,7,63,2,SEDANG
32,11,18,74,4,SEDANG
27,15,6,59,2,SEDANG
47,14,10,102,5,TIDAK SEHAT
68,14,19,113,5,TIDAK SEHAT
48,15,34,89,4,SEDANG
39,11,4,67,,SEDANG
25,22,17,22,1,BAIK
39,22,18,24,2,BAIK
45,22,27,23,2,BAIK
18,22,20,29,3,BAIK
8,24,25,16,4,BAIK
8,22,21,7,4,BAIK
8,23,21,6,4,BAIK
6,22,16,4,1,BAIK
11,22,20,10,3,BAIK
10,22,19,5,2,BAIK
50,22,20,25,2,BAIK
33,22,16,19,2,BAIK
33,22,16,29,2,BAIK
27,22,21,15,3,BAIK
53,22,23,44,2,SEDANG
56,23,25,22,7,SEDANG
46,22,20,30,5,BAIK
63,23,25,41,6,SEDANG
72,22,29,21,5,SEDANG
59,22,30,15,3,SEDANG
64,23,34,24,6,SEDANG
58,22,25,29,4,SEDANG
49,22,27,,2,BAIK
61,22,33,,3,SEDANG
69,22,35,,2,SEDANG
71,23,32,,3,SEDANG
50,22,22,,2,BAIK
53,22,23,,3,SEDANG
51,22,26,,5,SEDANG
54,23,22,,4,SEDANG
30,25,7,49,13,BAIK
34,27,8,55,19,SEDANG
36,26,12,53,26,SEDANG
45,28,9,82,28,SEDANG
69,37,19,148,18,TIDAK SEHAT
50,29,13,113,12,TIDAK SEHAT
58,31,12,51,12,SEDANG
41,28,7,47,12,BAIK
53,33,16,57,11,SEDANG
52,36,16,54,15,SEDANG
66,33,14,66,13,SEDANG
69,31,10,,14,SEDANG
54,,7,44,11,SEDANG
51,,14,56,12,SEDANG
52,27,19,,13,SEDANG
62,33,17,,18,SEDANG
57,26,10,68,14,SEDANG
76,29,26,,23,SEDANG
75,27,32,77,22,SEDANG
68,14,23,40,18,SEDANG
71,26,43,68,25,SEDANG
64,11,25,47,18,SEDANG
36,7,16,60,16,SEDANG
55,12,25,72,34,SEDANG
56,9,31,19,18,SEDANG
60,13,24,31,25,SEDANG
62,15,12,35,16,SEDANG
57,18,14,72,16,SEDANG
51,7,20,72,18,SEDANG
72,16,15,76,19,SEDANG
45,16,9,32,3,BAIK
46,16,13,37,3,BAIK
50,16,21,38,4,BAIK
38,18,12,51,7,SEDANG
69,21,29,156,10,TIDAK SEHAT
56,20,12,131,7,TIDAK SEHAT
53,17,29,74,9,SEDANG
42,,9,51,5,SEDANG
33,16,13,85,7,SEDANG
42,17,12,66,8,SEDANG
54,,15,92,8,SEDANG
58,58,13,55,7,SEDANG
50,56,13,93,6,SEDANG
24,15,13,97,7,SEDANG
27,16,13,80,5,SEDANG
33,15,16,79,13,SEDANG
53,16,21,80,15,SEDANG
40,15,20,80,9,SEDANG
52,18,22,81,8,SEDANG
43,16,26,66,11,SEDANG
37,16,21,93,7,SEDANG
28,16,22,71,7,SEDANG
31,14,17,43,7,BAIK
28,16,24,63,7,SEDANG
,16,33,48,7,BAIK
28,17,25,39,12,BAIK
26,16,15,43,6,BAIK
52,16,16,70,8,SEDANG
67,15,20,88,9,SEDANG
,15,27,,9,BAIK
37,21,7,42,4,BAIK
36,22,12,37,5,BAIK
47,22,19,39,11,BAIK
39,24,9,48,14,BAIK
81,28,23,91,14,SEDANG
52,24,14,46,11,SEDANG
68,24,24,41,9,SEDANG
43,23,9,27,8,BAIK
51,22,15,49,7,SEDANG
45,23,15,43,9,BAIK
71,24,23,48,11,SEDANG
67,24,11,26,8,SEDANG
59,24,17,63,11,SEDANG
65,23,27,71,13,SEDANG
63,23,24,69,16,SEDANG
81,25,21,75,14,SEDANG
86,25,33,59,18,SEDANG
76,24,24,33,11,SEDANG
73,23,41,58,13,SEDANG
70,26,29,45,14,SEDANG
51,22,30,43,11,SEDANG
54,23,32,45,15,SEDANG
56,23,37,18,10,SEDANG
63,24,33,13,12,SEDANG
54,23,,21,6,SEDANG
41,25,13,55,11,SEDANG
54,23,21,66,9,SEDANG
78,24,29,89,22,SEDANG
29,10,4,57,,SEDANG
33,15,8,57,1,SEDANG
45,15,14,80,4,SEDANG
14,15,8,96,4,SEDANG
62,23,26,202,8,SANGAT TIDAK SEHAT
45,17,10,144,5,TIDAK SEHAT
62,18,26,,5,SEDANG
45,11,9,,3,BAIK
34,19,17,,5,BAIK
47,15,13,66,5,SEDANG
54,15,15,89,4,SEDANG
53,17,8,57,4,SEDANG
41,20,8,121,4,TIDAK SEHAT
45,11,10,141,4,TIDAK SEHAT
57,11,15,168,3,TIDAK SEHAT
61,12,17,185,4,TIDAK SEHAT
60,10,15,142,6,TIDAK SEHAT
66,13,24,62,6,SEDANG
68,13,24,133,6,TIDAK SEHAT
50,12,16,92,5,SEDANG
66,14,27,162,6,TIDAK SEHAT
66,14,21,117,6,TIDAK SEHAT
51,10,19,84,5,SEDANG
56,16,27,90,10,SEDANG
61,16,28,35,4,SEDANG
62,30,34,56,8,SEDANG
47,15,15,48,4,BAIK
38,16,14,96,5,SEDANG
65,13,20,120,5,TIDAK SEHAT
62,24,19,,9,SEDANG
62,23,22,,6,SEDANG
70,23,22,,4,SEDANG
78,23,31,,4,SEDANG
61,23,23,,3,SEDANG
48,23,17,,3,BAIK
50,24,17,,2,BAIK
51,25,21,,4,SEDANG
,24,20,,3,BAIK
55,2,18,36,3,SEDANG
49,1,16,33,3,BAIK
62,17,19,,3,SEDANG
43,16,22,59,3,SEDANG
64,14,20,74,4,SEDANG
63,14,24,80,4,SEDANG
47,13,23,55,3,SEDANG
51,14,19,30,4,SEDANG
42,13,11,27,2,BAIK
40,14,11,42,4,BAIK
39,14,19,38,3,BAIK
29,14,17,50,4,BAIK
40,14,14,34,4,BAIK
35,17,12,42,,BAIK
19,17,,34,,BAIK
55,18,,22,5,SEDANG
6,17,24,16,6,BAIK
55,13,18,28,7,SEDANG
67,12,18,45,9,SEDANG
43,13,17,35,8,BAIK
66,10,9,73,18,SEDANG
73,20,14,76,18,SEDANG
76,11,17,80,20,SEDANG
91,27,35,68,23,SEDANG
76,19,15,69,17,SEDANG
62,11,6,74,15,SEDANG
68,15,8,59,16,SEDANG
69,19,11,76,17,SEDANG
73,18,10,96,20,SEDANG
71,25,6,66,15,SEDANG
71,16,8,64,18,SEDANG
79,20,12,68,21,SEDANG
70,20,15,73,14,SEDANG
82,23,12,81,13,SEDANG
85,23,17,,17,SEDANG
75,26,16,,16,SEDANG
54,13,14,36,16,SEDANG
58,15,9,,11,SEDANG
54,12,9,86,10,SEDANG
57,20,16,,12,SEDANG
57,24,11,63,16,SEDANG
58,22,7,50,10,SEDANG
56,15,6,44,12,SEDANG
36,19,7,33,10,BAIK
54,15,13,50,11,SEDANG
61,20,11,59,13,SEDANG
58,14,12,106,10,TIDAK SEHAT
64,14,18,120,33,TIDAK SEHAT
79,31,,75,20,SEDANG
71,19,,102,20,TIDAK SEHAT
70,25,,183,20,TIDAK SEHAT
70,15,12,81,5,SEDANG
61,15,20,107,8,TIDAK SEHAT
62,16,22,97,10,SEDANG
51,,,,,SEDANG
41,,,,,BAIK
57,,,,,SEDANG
66,,15,113,7,TIDAK SEHAT
62,16,17,105,7,TIDAK SEHAT
66,15,10,85,7,SEDANG
66,,15,75,7,SEDANG
69,16,29,100,9,SEDANG
79,17,26,97,11,SEDANG
70,16,16,116,7,TIDAK SEHAT
75,17,25,95,10,SEDANG
68,17,17,83,9,SEDANG
56,16,14,80,7,SEDANG
74,16,18,76,7,SEDANG
42,15,10,90,6,SEDANG
47,15,22,86,8,SEDANG
46,15,17,95,5,SEDANG
50,15,12,67,7,SEDANG
52,16,12,56,7,SEDANG
28,15,12,68,6,SEDANG
54,15,21,65,9,SEDANG
65,16,16,78,8,SEDANG
59,16,23,69,8,SEDANG
57,15,17,64,6,SEDANG
53,17,21,89,6,SEDANG
70,16,24,116,7,TIDAK SEHAT
73,16,20,78,10,SEDANG
73,25,14,57,8,SEDANG
88,25,20,75,15,SEDANG
103,27,23,70,16,TIDAK SEHAT
87,24,46,60,15,SEDANG
72,26,27,65,13,SEDANG
70,26,11,46,10,SEDANG
68,27,13,40,9,SEDANG
79,26,18,96,14,SEDANG
93,27,21,60,12,SEDANG
73,25,12,57,10,SEDANG
74,27,12,41,12,SEDANG
103,27,27,75,11,TIDAK SEHAT
96,26,23,61,11,SEDANG
87,26,15,92,10,SEDANG
94,27,24,74,15,SEDANG
87,28,15,53,9,SEDANG
65,25,16,39,11,SEDANG
74,26,20,42,9,SEDANG
59,24,13,62,9,SEDANG
57,25,29,49,10,SEDANG
56,25,20,60,9,SEDANG
55,25,12,34,7,SEDANG
58,26,10,30,9,SEDANG
42,25,12,53,8,SEDANG
61,26,22,57,10,SEDANG
71,29,15,51,11,SEDANG
62,26,22,56,8,SEDANG
61,24,55,64,9,SEDANG
84,28,20,57,12,SEDANG
86,25,24,67,13,SEDANG
83,28,21,114,20,TIDAK SEHAT
56,20,10,101,5,TIDAK SEHAT
64,18,18,183,5,TIDAK SEHAT
75,20,22,166,5,TIDAK SEHAT
85,19,24,164,8,TIDAK SEHAT
78,19,22,137,6,TIDAK SEHAT
62,22,8,109,4,TIDAK SEHAT
56,23,11,77,6,SEDANG
61,22,14,204,6,SANGAT TIDAK SEHAT
67,20,15,156,6,TIDAK SEHAT
61,20,9,107,5,TIDAK SEHAT
62,23,12,83,5,SEDANG
66,25,21,144,6,TIDAK SEHAT
78,18,23,131,5,TIDAK SEHAT
72,20,13,178,4,TIDAK SEHAT
84,20,25,143,5,TIDAK SEHAT
75,20,16,151,5,TIDAK SEHAT
63,16,12,78,5,SEDANG
78,19,26,86,6,SEDANG
54,16,11,102,4,TIDAK SEHAT
61,17,17,98,5,SEDANG
60,17,17,185,4,TIDAK SEHAT
35,19,12,80,4,SEDANG
44,20,7,74,4,SEDANG
31,18,11,94,5,SEDANG
66,22,17,92,7,SEDANG
62,28,18,119,7,TIDAK SEHAT
61,21,17,156,6,TIDAK SEHAT
81,16,32,116,6,TIDAK SEHAT
69,26,21,118,6,TIDAK SEHAT
76,19,24,191,5,TIDAK SEHAT
75,18,21,144,5,TIDAK SEHAT
25,12,18,16,8,BAIK
62,12,13,14,9,SEDANG
50,12,14,26,5,BAIK
34,11,11,24,3,BAIK
56,12,12,23,6,SEDANG
51,12,12,38,7,SEDANG
66,11,13,36,6,SEDANG
57,11,14,28,4,SEDANG
64,12,27,36,4,SEDANG
54,13,18,45,,SEDANG
56,11,14,35,,SEDANG
65,9,11,50,2,SEDANG
53,9,18,,3,SEDANG
26,8,12,44,2,BAIK
53,8,12,38,2,SEDANG
56,7,20,29,2,SEDANG
,,8,,,BAIK
41,5,,17,,BAIK
39,6,9,22,2,BAIK
39,5,8,19,1,BAIK
38,5,10,31,1,BAIK
21,5,14,16,2,BAIK
41,6,28,7,,BAIK
48,5,20,22,4,BAIK
58,5,17,14,2,SEDANG
60,5,18,19,3,SEDANG
46,5,17,45,2,BAIK
75,27,20,106,15,TIDAK SEHAT
67,25,10,65,18,SEDANG
77,21,8,74,17,SEDANG
72,17,8,68,19,SEDANG
69,24,8,73,14,SEDANG
70,19,8,87,13,SEDANG
68,15,8,87,18,SEDANG
63,17,11,84,17,SEDANG
80,19,25,80,22,SEDANG
68,27,18,203,17,SANGAT TIDAK SEHAT
74,18,6,169,14,TIDAK SEHAT
64,14,9,161,13,TIDAK SEHAT
54,20,15,100,16,SEDANG
56,12,3,93,7,SEDANG
54,12,7,161,7,TIDAK SEHAT
59,37,15,139,17,TIDAK SEHAT
49,15,1,71,8,SEDANG
43,12,3,61,10,SEDANG
51,20,5,71,10,SEDANG
61,13,8,74,10,SEDANG
39,11,3,54,4,SEDANG
58,19,9,62,13,SEDANG
61,17,5,57,10,SEDANG
50,15,7,82,10,SEDANG
29,11,10,82,11,SEDANG
56,21,24,107,23,TIDAK SEHAT
55,19,17,68,19,SEDANG
65,,,,,SEDANG
73,23,,154,20,TIDAK SEHAT
62,21,9,193,15,TIDAK SEHAT
64,18,13,94,7,SEDANG
64,16,16,106,8,TIDAK SEHAT
67,16,16,101,16,TIDAK SEHAT
61,16,12,117,11,TIDAK SEHAT
77,16,26,111,9,TIDAK SEHAT
55,15,17,181,7,TIDAK SEHAT
66,17,12,94,6,SEDANG
58,16,15,77,4,SEDANG
51,15,22,77,7,SEDANG
51,16,18,71,7,SEDANG
47,16,27,78,8,SEDANG
48,16,9,67,4,SEDANG
47,17,9,61,4,SEDANG
52,16,13,62,5,SEDANG
55,16,14,66,6,SEDANG
49,18,8,61,4,SEDANG
50,18,14,53,4,SEDANG
40,17,11,72,5,SEDANG
44,15,13,72,4,SEDANG
24,15,9,77,3,SEDANG
45,16,36,64,6,SEDANG
47,15,21,76,8,SEDANG
63,17,21,89,10,SEDANG
59,17,14,93,7,SEDANG
67,17,14,96,15,SEDANG
69,25,23,94,11,SEDANG
78,26,13,46,10,SEDANG
82,26,16,61,8,SEDANG
73,27,11,61,9,SEDANG
67,26,11,70,8,SEDANG
78,26,13,71,8,SEDANG
79,25,15,86,7,SEDANG
68,27,13,62,10,SEDANG
100,27,39,73,19,SEDANG
75,26,23,107,11,TIDAK SEHAT
70,27,11,96,8,SEDANG
66,26,13,67,7,SEDANG
64,25,30,66,8,SEDANG
55,25,13,51,4,SEDANG
56,26,18,60,8,SEDANG
61,25,24,49,10,SEDANG
48,27,7,42,5,BAIK
51,27,6,36,4,SEDANG
60,26,10,44,8,SEDANG
73,26,14,37,6,SEDANG
51,27,6,34,5,SEDANG
66,28,16,31,10,SEDANG
81,27,14,29,7,SEDANG
50,25,9,62,7,SEDANG
35,25,11,54,8,SEDANG
44,26,26,63,11,SEDANG
60,26,22,48,14,SEDANG
69,27,24,72,10,SEDANG
65,28,14,66,9,SEDANG
65,30,13,99,12,SEDANG
65,18,30,115,7,TIDAK SEHAT
59,17,14,86,5,SEDANG
62,19,13,145,4,TIDAK SEHAT
60,20,11,125,5,TIDAK SEHAT
52,24,10,146,4,TIDAK SEHAT
62,17,16,133,5,TIDAK SEHAT
61,19,21,179,6,TIDAK SEHAT
58,16,16,162,5,TIDAK SEHAT
74,17,34,167,9,TIDAK SEHAT
62,14,28,196,5,TIDAK SEHAT
57,19,14,156,3,TIDAK SEHAT
67,16,18,150,5,TIDAK SEHAT
56,13,27,163,5,TIDAK SEHAT
52,15,18,144,5,TIDAK SEHAT
60,16,21,120,4,TIDAK SEHAT
52,15,31,116,6,TIDAK SEHAT
46,20,11,88,3,SEDANG
39,18,10,75,3,SEDANG
44,19,13,97,3,SEDANG
53,18,16,86,4,SEDANG
47,16,11,70,3,SEDANG
45,21,17,94,4,SEDANG
46,18,13,77,3,SEDANG
38,14,15,110,3,TIDAK SEHAT
25,14,11,100,3,SEDANG
55,17,43,98,5,SEDANG
51,16,23,136,6,TIDAK SEHAT
63,19,20,146,5,TIDAK SEHAT
58,24,16,213,6,SANGAT TIDAK SEHAT
64,8,16,34,2,SEDANG
58,7,16,23,4,SEDANG
56,7,16,39,4,SEDANG
68,7,15,21,4,SEDANG
63,7,15,18,3,SEDANG
55,8,15,20,5,SEDANG
34,6,15,50,,BAIK
54,6,15,30,,SEDANG
73,7,15,25,,SEDANG
60,6,15,34,,SEDANG
59,6,14,42,,SEDANG
77,6,14,45,,SEDANG
52,5,12,32,,SEDANG
50,5,12,40,,BAIK
65,5,17,65,,SEDANG
65,6,17,53,,SEDANG
67,5,17,25,,SEDANG
70,5,16,25,,SEDANG
65,4,12,28,,SEDANG
48,4,18,43,,BAIK
53,4,23,31,,SEDANG
62,5,23,20,,SEDANG
55,5,15,35,,SEDANG
58,5,16,,,SEDANG
73,12,15,,9,SEDANG
53,11,20,65,3,SEDANG
62,10,15,37,2,SEDANG
74,11,19,34,7,SEDANG
79,10,18,38,2,SEDANG
78,17,15,142,20,TIDAK SEHAT
71,21,15,87,20,SEDANG
76,18,14,166,16,TIDAK SEHAT
82,23,10,209,19,SANGAT TIDAK SEHAT
61,16,6,110,13,TIDAK SEHAT
56,21,8,100,19,SEDANG
71,32,23,80,24,SEDANG
74,23,27,111,22,TIDAK SEHAT
69,20,7,109,17,TIDAK SEHAT
71,14,9,124,16,TIDAK SEHAT
63,17,10,129,20,TIDAK SEHAT
72,19,9,107,18,TIDAK SEHAT
70,20,11,107,18,TIDAK SEHAT
73,22,13,117,19,TIDAK SEHAT
54,16,4,129,11,TIDAK SEHAT
58,17,7,146,18,TIDAK SEHAT
65,19,13,137,19,TIDAK SEHAT
83,27,21,184,20,TIDAK SEHAT
75,24,14,134,19,TIDAK SEHAT
70,20,9,88,18,SEDANG
60,20,3,83,16,SEDANG
69,19,12,121,15,TIDAK SEHAT
63,25,13,118,22,TIDAK SEHAT
63,21,12,92,22,SEDANG
62,17,8,97,17,SEDANG
69,23,15,120,20,TIDAK SEHAT
69,17,9,118,18,TIDAK SEHAT
77,25,19,209,20,SANGAT TIDAK SEHAT
64,15,12,141,20,TIDAK SEHAT
77,24,18,127,27,TIDAK SEHAT
72,28,11,108,21,TIDAK SEHAT
65,17,19,119,7,TIDAK SEHAT
67,17,20,82,8,SEDANG
69,20,18,106,14,TIDAK SEHAT
57,19,13,94,10,SEDANG
51,18,10,81,7,SEDANG
69,19,26,84,12,SEDANG
59,18,26,72,11,SEDANG
59,17,11,105,6,TIDAK SEHAT
62,18,18,115,7,TIDAK SEHAT
71,23,17,97,11,SEDANG
63,21,12,100,8,SEDANG
69,19,17,88,10,SEDANG
75,21,14,106,11,TIDAK SEHAT
63,17,12,115,6,TIDAK SEHAT
51,17,10,105,6,TIDAK SEHAT
65,18,16,93,11,SEDANG
69,18,16,95,10,SEDANG
68,17,12,102,11,TIDAK SEHAT
72,18,13,89,8,SEDANG
64,20,11,104,6,TIDAK SEHAT
67,18,20,93,7,SEDANG
54,16,14,126,7,TIDAK SEHAT
71,19,15,104,9,TIDAK SEHAT
71,17,20,99,11,SEDANG
67,18,22,90,11,SEDANG
71,17,16,112,16,TIDAK SEHAT
76,17,31,155,12,TIDAK SEHAT
67,17,17,157,9,TIDAK SEHAT
68,18,19,113,7,TIDAK SEHAT
77,18,18,102,9,TIDAK SEHAT
96,28,27,97,13,SEDANG
79,29,21,48,11,SEDANG
79,29,18,95,10,SEDANG
104,31,24,96,16,TIDAK SEHAT
63,29,14,62,11,SEDANG
74,31,12,84,11,SEDANG
95,30,32,55,15,SEDANG
95,29,30,50,14,SEDANG
63,29,12,76,13,SEDANG
87,29,19,45,11,SEDANG
70,32,16,48,14,SEDANG
74,32,12,77,10,SEDANG
80,30,15,,11,SEDANG
84,33,18,81,14,SEDANG
59,29,10,86,10,SEDANG
61,33,11,87,12,SEDANG
81,30,20,86,12,SEDANG
88,29,19,77,14,SEDANG
82,30,14,72,13,SEDANG
79,30,14,57,11,SEDANG
74,32,9,79,9,SEDANG
77,29,21,48,11,SEDANG
92,32,22,72,15,SEDANG
75,29,18,91,11,SEDANG
78,33,21,80,12,SEDANG
86,31,14,95,12,SEDANG
92,32,28,118,13,TIDAK SEHAT
74,30,19,89,13,SEDANG
92,31,22,78,16,SEDANG
79,29,16,83,10,SEDANG
70,21,26,205,6,SANGAT TIDAK SEHAT
77,23,28,142,5,TIDAK SEHAT
66,20,23,160,5,TIDAK SEHAT
73,21,17,175,7,TIDAK SEHAT
59,19,16,123,5,TIDAK SEHAT
54,22,16,113,5,TIDAK SEHAT
72,24,32,104,9,TIDAK SEHAT
85,23,32,109,9,TIDAK SEHAT
65,19,17,116,5,TIDAK SEHAT
72,22,18,105,5,TIDAK SEHAT
68,25,17,116,5,TIDAK SEHAT
68,28,16,117,5,TIDAK SEHAT
66,23,16,97,5,SEDANG
71,23,19,117,5,TIDAK SEHAT
58,19,14,126,3,TIDAK SEHAT
53,23,14,222,4,SANGAT TIDAK SEHAT
64,26,20,205,6,SANGAT TIDAK SEHAT
77,22,25,208,5,SANGAT TIDAK SEHAT
74,22,19,188,6,TIDAK SEHAT
66,24,16,113,6,TIDAK SEHAT
60,24,14,151,4,TIDAK SEHAT
72,20,22,166,5,TIDAK SEHAT
56,22,18,191,6,TIDAK SEHAT
68,22,21,184,8,TIDAK SEHAT
73,24,23,153,7,TIDAK SEHAT
63,25,20,168,7,TIDAK SEHAT
67,23,19,197,6,TIDAK SEHAT
80,24,30,234,6,SANGAT TIDAK SEHAT
77,22,23,202,5,SANGAT TIDAK SEHAT
85,23,23,174,7,TIDAK SEHAT
79,22,22,156,8,TIDAK SEHAT
76,10,18,31,5,SEDANG
53,10,18,29,4,SEDANG
57,10,16,40,3,SEDANG
56,10,13,49,3,SEDANG
46,12,11,32,3,BAIK
48,12,12,38,4,BAIK
64,11,16,37,4,SEDANG
53,12,19,29,5,SEDANG
72,11,19,28,4,SEDANG
60,11,18,28,4,SEDANG
69,11,17,29,4,SEDANG
62,11,14,29,4,SEDANG
63,11,13,31,2,SEDANG
74,12,13,48,2,SEDANG
62,11,13,45,2,SEDANG
64,12,13,34,3,SEDANG
59,11,15,33,3,SEDANG
60,11,11,27,3,SEDANG
55,11,10,47,2,SEDANG
54,10,13,18,3,SEDANG
60,11,16,18,3,SEDANG
62,10,16,17,4,SEDANG
62,12,17,21,4,SEDANG
68,11,20,17,4,SEDANG
67,11,19,29,3,SEDANG
62,10,13,22,3,SEDANG
70,11,17,24,3,SEDANG
67,11,17,,3,SEDANG
55,10,16,34,3,SEDANG
60,10,17,34,3,SEDANG
49,10,18,36,4,BAIK
68,17,15,102,24,TIDAK SEHAT
63,20,8,160,20,TIDAK SEHAT
63,22,3,211,17,SANGAT TIDAK SEHAT
59,30,16,154,16,TIDAK SEHAT
56,20,14,203,16,SANGAT TIDAK SEHAT
60,21,10,202,23,SANGAT TIDAK SEHAT
65,23,10,104,25,TIDAK SEHAT
79,33,16,99,29,SEDANG
,24,9,112,18,TIDAK SEHAT
56,21,9,165,17,TIDAK SEHAT
65,18,16,125,19,TIDAK SEHAT
52,17,8,87,15,SEDANG
55,16,7,74,14,SEDANG
59,18,6,86,13,SEDANG
58,17,9,109,16,TIDAK SEHAT
59,18,9,97,15,SEDANG
55,17,7,128,13,TIDAK SEHAT
58,16,7,79,14,SEDANG
63,28,7,82,10,SEDANG
55,22,6,126,7,TIDAK SEHAT
56,17,8,123,9,TIDAK SEHAT
73,23,9,82,16,SEDANG
60,17,5,98,13,SEDANG
61,22,,89,12,SEDANG
59,15,,109,10,TIDAK SEHAT
62,17,5,100,13,SEDANG
59,12,9,139,13,TIDAK SEHAT
75,27,16,153,13,TIDAK SEHAT
62,23,15,85,11,SEDANG
64,19,14,110,20,TIDAK SEHAT
58,17,12,91,8,SEDANG
48,16,10,117,6,TIDAK SEHAT
21,20,9,101,10,TIDAK SEHAT
16,21,10,88,7,SEDANG
15,19,8,72,5,SEDANG
27,22,20,130,13,TIDAK SEHAT
43,20,18,129,9,TIDAK SEHAT
37,21,19,122,9,TIDAK SEHAT
28,20,13,90,7,SEDANG
21,17,12,126,7,TIDAK SEHAT
11,17,14,93,11,SEDANG
19,19,14,90,8,SEDANG
32,18,12,91,5,SEDANG
30,17,10,98,4,SEDANG
32,18,12,87,6,SEDANG
,17,10,109,7,TIDAK SEHAT
,18,10,126,6,TIDAK SEHAT
68,19,17,84,7,SEDANG
67,17,17,82,7,SEDANG
58,18,10,122,5,TIDAK SEHAT
54,16,11,91,9,SEDANG
62,17,14,113,7,TIDAK SEHAT
61,18,14,96,9,SEDANG
64,20,16,95,8,SEDANG
61,18,11,99,6,SEDANG
68,19,16,124,6,TIDAK SEHAT
61,17,12,120,6,TIDAK SEHAT
66,17,15,90,8,SEDANG
67,19,11,96,16,SEDANG
48,16,10,89,4,SEDANG
86,31,17,92,14,SEDANG
68,31,8,103,13,TIDAK SEHAT
68,32,11,88,14,SEDANG
59,31,8,87,12,SEDANG
65,35,11,84,11,SEDANG
71,34,10,97,11,SEDANG
79,34,19,79,13,SEDANG
92,32,18,,15,SEDANG
65,33,7,63,16,SEDANG
67,31,12,,18,SEDANG
77,31,14,63,11,SEDANG
66,30,9,55,7,SEDANG
72,31,7,65,9,SEDANG
62,30,8,67,11,SEDANG
70,31,11,79,9,SEDANG
62,31,7,76,7,SEDANG
62,30,10,85,7,SEDANG
79,32,15,70,13,SEDANG
80,30,17,51,11,SEDANG
73,32,12,76,11,SEDANG
62,31,7,89,9,SEDANG
60,30,8,89,16,SEDANG
81,32,16,50,18,SEDANG
76,31,10,58,10,SEDANG
75,30,12,66,9,SEDANG
79,31,13,77,13,SEDANG
83,31,11,81,12,SEDANG
67,30,10,50,10,SEDANG
85,31,10,61,10,SEDANG
65,30,8,65,9,SEDANG
71,21,21,129,7,TIDAK SEHAT
59,19,17,207,4,SANGAT TIDAK SEHAT
57,20,13,185,4,TIDAK SEHAT
50,23,13,194,4,TIDAK SEHAT
57,30,13,167,4,TIDAK SEHAT
58,32,13,180,5,TIDAK SEHAT
75,35,21,162,8,TIDAK SEHAT
88,28,28,144,8,TIDAK SEHAT
75,37,22,186,8,TIDAK SEHAT
61,30,16,156,5,TIDAK SEHAT
59,25,16,116,4,TIDAK SEHAT
58,27,20,127,5,TIDAK SEHAT
60,23,14,134,5,TIDAK SEHAT
59,24,19,151,6,TIDAK SEHAT
58,24,15,185,4,TIDAK SEHAT
72,28,17,140,6,TIDAK SEHAT
54,27,12,154,4,TIDAK SEHAT
59,23,14,143,4,TIDAK SEHAT
64,24,20,149,5,TIDAK SEHAT
59,25,19,101,6,TIDAK SEHAT
58,27,16,113,4,TIDAK SEHAT
56,23,14,164,3,TIDAK SEHAT
60,24,14,161,4,TIDAK SEHAT
67,27,22,110,7,TIDAK SEHAT
57,29,13,202,4,SANGAT TIDAK SEHAT
59,25,16,131,7,TIDAK SEHAT
63,27,20,166,7,TIDAK SEHAT
59,25,15,182,6,TIDAK SEHAT
59,21,14,161,4,TIDAK SEHAT
63,27,15,150,6,TIDAK SEHAT
58,24,15,130,5,TIDAK SEHAT
59,9,20,29,3,SEDANG
62,9,15,25,3,SEDANG
50,9,23,31,6,BAIK
50,10,22,37,3,BAIK
52,14,15,31,3,SEDANG
73,15,21,18,4,SEDANG
66,10,18,15,4,SEDANG
51,12,19,12,16,SEDANG
67,10,21,26,3,SEDANG
62,11,16,29,4,SEDANG
61,13,,,3,SEDANG
56,12,,,3,SEDANG
55,16,18,28,5,SEDANG
56,11,18,35,4,SEDANG
62,12,17,28,3,SEDANG
59,10,13,26,3,SEDANG
51,10,14,18,4,SEDANG
52,11,18,17,4,SEDANG
6,12,16,14,4,BAIK
8,11,19,8,3,BAIK
6,11,22,8,3,BAIK
5,10,22,19,3,BAIK
6,11,21,16,4,BAIK
26,11,19,19,4,BAIK
53,12,17,16,5,SEDANG
69,11,18,27,5,SEDANG
56,10,17,25,4,SEDANG
44,11,16,33,4,BAIK
41,11,17,28,4,BAIK
54,11,12,39,3,SEDANG
55,16,17,132,13,TIDAK SEHAT
66,18,17,85,11,SEDANG
62,37,22,167,15,TIDAK SEHAT
51,19,15,173,8,TIDAK SEHAT
53,15,15,108,24,TIDAK SEHAT
74,44,25,113,17,TIDAK SEHAT
59,18,17,117,10,TIDAK SEHAT
50,14,18,155,13,TIDAK SEHAT
66,20,30,95,16,SEDANG
62,17,18,109,12,TIDAK SEHAT
60,17,15,93,10,SEDANG
54,16,16,164,11,TIDAK SEHAT
70,46,19,141,13,TIDAK SEHAT
60,18,17,233,11,SANGAT TIDAK SEHAT
62,19,16,196,10,TIDAK SEHAT
63,22,15,119,11,TIDAK SEHAT
60,20,17,73,14,SEDANG
60,16,15,100,11,SEDANG
58,19,15,57,9,SEDANG
61,19,14,59,12,SEDANG
52,13,17,44,12,SEDANG
45,17,13,113,13,TIDAK SEHAT
66,16,19,94,14,SEDANG
65,21,25,110,21,TIDAK SEHAT
65,16,21,136,16,TIDAK SEHAT
74,28,26,101,21,TIDAK SEHAT
67,18,21,83,16,SEDANG
62,14,22,104,17,TIDAK SEHAT
60,18,17,133,15,TIDAK SEHAT
60,17,18,88,11,SEDANG
57,17,18,87,6,SEDANG
58,18,17,95,9,SEDANG
34,16,18,85,8,SEDANG
37,17,9,100,3,SEDANG
46,17,9,120,5,TIDAK SEHAT
54,17,13,84,7,SEDANG
53,17,16,79,9,SEDANG
38,16,11,102,4,TIDAK SEHAT
56,16,15,62,6,SEDANG
61,18,17,73,8,SEDANG
57,16,12,63,5,SEDANG
50,17,8,74,4,SEDANG
52,19,9,110,7,TIDAK SEHAT
61,19,15,102,17,TIDAK SEHAT
62,23,12,138,7,TIDAK SEHAT
61,18,11,88,6,SEDANG
53,18,11,61,7,SEDANG
51,17,13,72,8,SEDANG
51,19,12,80,11,SEDANG
69,19,16,58,8,SEDANG
61,16,34,57,7,SEDANG
58,17,25,115,13,TIDAK SEHAT
68,18,27,92,9,SEDANG
46,16,24,86,6,SEDANG
64,17,31,128,10,TIDAK SEHAT
71,19,25,80,12,SEDANG
66,18,21,107,18,TIDAK SEHAT
52,16,21,93,4,SEDANG
54,17,21,93,9,SEDANG
56,17,20,78,6,SEDANG
68,29,15,77,11,SEDANG
73,30,14,65,8,SEDANG
56,29,19,,24,SEDANG
52,37,7,71,24,SEDANG
51,31,9,75,12,SEDANG
82,35,19,,13,SEDANG
69,33,21,,10,SEDANG
47,33,9,72,10,SEDANG
81,34,24,43,13,SEDANG
69,33,13,52,11,SEDANG
63,33,10,43,11,SEDANG
61,32,6,54,13,SEDANG
69,35,10,80,13,SEDANG
62,36,9,80,8,SEDANG
68,37,11,109,23,TIDAK SEHAT
82,34,12,63,11,SEDANG
62,33,12,45,12,SEDANG
64,32,12,49,9,SEDANG
58,34,8,40,10,SEDANG
70,34,12,42,11,SEDANG
80,33,18,34,11,SEDANG
55,33,18,83,12,SEDANG
84,33,18,70,10,SEDANG
69,33,19,61,13,SEDANG
78,32,20,86,12,SEDANG
94,33,18,77,15,SEDANG
72,34,13,93,9,SEDANG
70,33,16,67,10,SEDANG
62,33,10,78,10,SEDANG
63,32,12,68,11,SEDANG
61,25,18,145,5,TIDAK SEHAT
61,22,20,136,5,TIDAK SEHAT
44,20,19,175,6,TIDAK SEHAT
43,22,11,217,2,SANGAT TIDAK SEHAT
46,21,11,140,3,TIDAK SEHAT
68,25,21,148,7,TIDAK SEHAT
60,24,17,147,5,TIDAK SEHAT
49,23,14,175,4,TIDAK SEHAT
58,22,20,126,6,TIDAK SEHAT
61,25,20,132,6,TIDAK SEHAT
59,25,16,102,6,TIDAK SEHAT
55,23,14,126,4,TIDAK SEHAT
56,39,14,190,5,TIDAK SEHAT
58,44,13,209,5,SANGAT TIDAK SEHAT
61,26,12,195,3,TIDAK SEHAT
55,26,12,102,3,TIDAK SEHAT
56,25,16,83,5,SEDANG
54,25,15,141,5,TIDAK SEHAT
48,25,13,85,4,SEDANG
63,31,15,77,6,SEDANG
65,24,25,75,6,SEDANG
44,29,14,157,6,TIDAK SEHAT
71,28,29,130,6,TIDAK SEHAT
60,27,18,152,5,TIDAK SEHAT
68,29,24,197,7,TIDAK SEHAT
65,50,18,202,6,SANGAT TIDAK SEHAT
59,37,17,146,5,TIDAK SEHAT
56,24,16,194,5,TIDAK SEHAT
54,30,15,165,4,TIDAK SEHAT
58,26,16,145,3,TIDAK SEHAT
47,11,15,26,4,BAIK
63,11,19,14,4,SEDANG
37,10,17,33,5,BAIK
38,11,17,35,4,BAIK
46,11,16,37,3,BAIK
37,11,20,32,3,BAIK
37,12,11,35,3,BAIK
37,11,14,33,4,BAIK
51,11,15,30,4,SEDANG
27,11,18,19,5,BAIK
59,11,17,22,4,SEDANG
53,11,17,15,5,SEDANG
55,11,20,26,5,SEDANG
64,12,14,30,4,SEDANG
52,10,16,23,3,SEDANG
57,10,19,43,5,SEDANG
,11,19,28,5,BAIK
59,11,18,23,5,SEDANG
30,10,20,38,5,BAIK
43,10,16,35,3,BAIK
42,10,14,29,3,BAIK
33,10,14,39,4,BAIK
36,9,14,32,3,BAIK
43,10,27,28,5,BAIK
36,10,17,14,4,BAIK
29,10,18,16,4,BAIK
57,10,18,35,5,SEDANG
34,9,12,33,3,BAIK
42,9,24,44,2,BAIK
46,10,22,34,3,BAIK
47,10,16,19,3,BAIK
60,20,15,91,12,SEDANG
64,17,22,66,21,SEDANG
61,14,16,104,10,TIDAK SEHAT
57,15,13,99,11,SEDANG
60,20,14,123,13,TIDAK SEHAT
61,17,13,103,12,TIDAK SEHAT
70,27,15,91,12,SEDANG
66,26,18,132,12,TIDAK SEHAT
61,20,17,160,11,TIDAK SEHAT
71,30,24,129,18,TIDAK SEHAT
71,21,16,119,13,TIDAK SEHAT
68,20,16,81,16,SEDANG
60,16,18,189,25,TIDAK SEHAT
77,23,20,136,16,TIDAK SEHAT
61,15,15,84,12,SEDANG
68,20,23,124,19,TIDAK SEHAT
75,29,23,145,19,TIDAK SEHAT
72,25,20,203,22,SANGAT TIDAK SEHAT
66,20,23,105,17,TIDAK SEHAT
37,16,18,158,14,TIDAK SEHAT
52,33,22,126,17,TIDAK SEHAT
62,22,14,87,12,SEDANG
40,11,18,148,16,TIDAK SEHAT
73,31,31,139,21,TIDAK SEHAT
66,22,25,95,19,SEDANG
67,27,20,119,21,TIDAK SEHAT
60,16,14,73,11,SEDANG
43,13,16,77,16,SEDANG
40,13,16,69,13,SEDANG
44,12,15,67,10,SEDANG
57,16,20,89,15,SEDANG
55,18,16,29,6,SEDANG
67,18,22,26,10,SEDANG
57,18,20,137,11,TIDAK SEHAT
62,18,24,41,8,SEDANG
62,18,18,22,7,SEDANG
63,17,21,24,6,SEDANG
62,19,22,20,7,SEDANG
54,18,19,22,6,SEDANG
59,18,18,18,5,SEDANG
61,18,17,119,,TIDAK SEHAT
67,18,22,107,,TIDAK SEHAT
59,19,18,107,,TIDAK SEHAT
56,18,15,97,,SEDANG
59,17,19,108,,TIDAK SEHAT
58,17,18,165,1,TIDAK SEHAT
54,18,18,135,2,TIDAK SEHAT
56,18,18,110,,TIDAK SEHAT
54,16,20,98,,SEDANG
53,17,17,133,,TIDAK SEHAT
49,16,20,84,,SEDANG
56,16,21,86,,SEDANG
38,15,19,69,,SEDANG
49,17,31,109,3,TIDAK SEHAT
57,17,,,,SEDANG
51,16,19,100,3,SEDANG
52,17,26,104,5,TIDAK SEHAT
43,17,20,90,3,SEDANG
28,16,19,85,4,SEDANG
50,17,25,104,4,TIDAK SEHAT
47,18,20,97,3,SEDANG
92,33,11,77,9,SEDANG
76,31,18,52,11,SEDANG
70,32,8,74,10,SEDANG
73,32,11,72,7,SEDANG
67,34,6,67,5,SEDANG
70,33,6,69,6,SEDANG
87,34,12,49,9,SEDANG
66,34,9,61,7,SEDANG
62,34,7,61,8,SEDANG
79,36,15,87,13,SEDANG
81,36,11,64,11,SEDANG
77,33,11,66,9,SEDANG
64,35,10,89,11,SEDANG
86,35,11,68,9,SEDANG
73,33,11,65,11,SEDANG
74,33,14,84,10,SEDANG
71,34,12,93,12,SEDANG
61,36,6,93,14,SEDANG
64,30,15,76,8,SEDANG
57,28,11,84,13,SEDANG
65,26,20,62,9,SEDANG
71,26,13,75,6,SEDANG
44,26,14,64,8,SEDANG
62,27,30,90,9,SEDANG
67,28,21,76,9,SEDANG
,29,13,82,10,SEDANG
77,25,17,66,9,SEDANG
39,23,12,58,6,SEDANG
49,22,11,58,,SEDANG
61,26,15,57,7,SEDANG
47,23,14,59,6,SEDANG
55,26,17,124,4,TIDAK SEHAT
58,41,17,88,6,SEDANG
53,30,14,144,6,TIDAK SEHAT
63,26,21,109,6,TIDAK SEHAT
51,29,11,146,5,TIDAK SEHAT
56,29,15,123,4,TIDAK SEHAT
58,29,16,128,4,TIDAK SEHAT
60,28,17,185,,TIDAK SEHAT
60,28,19,173,5,TIDAK SEHAT
61,29,17,190,7,TIDAK SEHAT
58,31,15,149,8,TIDAK SEHAT
60,35,16,118,10,TIDAK SEHAT
56,32,14,148,7,TIDAK SEHAT
59,29,16,138,9,TIDAK SEHAT
58,28,16,119,8,TIDAK SEHAT
58,29,16,210,7,SANGAT TIDAK SEHAT
58,34,15,217,7,SANGAT TIDAK SEHAT
56,34,13,207,5,SANGAT TIDAK SEHAT
61,27,23,146,12,TIDAK SEHAT
57,31,15,212,6,SANGAT TIDAK SEHAT
59,27,18,139,8,TIDAK SEHAT
54,28,15,150,7,TIDAK SEHAT
33,24,11,139,6,TIDAK SEHAT
55,35,30,114,12,TIDAK SEHAT
53,30,16,97,7,SEDANG
62,29,20,96,7,SEDANG
57,26,23,67,11,SEDANG
39,21,14,61,,SEDANG
27,25,14,66,,SEDANG
52,31,14,57,7,SEDANG
51,27,14,79,6,SEDANG
65,11,26,19,5,SEDANG
45,10,21,32,3,BAIK
51,11,21,37,4,SEDANG
45,10,17,28,2,BAIK
48,10,20,22,3,BAIK
45,10,19,41,3,BAIK
53,10,23,28,3,SEDANG
49,10,23,37,3,BAIK
58,11,32,31,5,SEDANG
49,14,23,72,4,SEDANG
59,16,20,65,3,SEDANG
59,15,20,75,4,SEDANG
37,15,18,32,2,BAIK
15,13,9,30,1,BAIK
21,17,19,130,2,TIDAK SEHAT
34,20,18,125,3,TIDAK SEHAT
31,17,14,62,3,SEDANG
53,16,18,43,3,SEDANG
41,15,17,61,3,SEDANG
51,18,21,127,3,TIDAK SEHAT
61,17,20,55,2,SEDANG
43,16,23,100,4,SEDANG
61,16,38,61,4,SEDANG
54,12,19,71,2,SEDANG
73,19,20,48,2,SEDANG
63,14,26,84,3,SEDANG
51,15,20,62,3,SEDANG
60,15,27,64,2,SEDANG
53,14,20,73,3,SEDANG
71,22,22,95,16,SEDANG
50,14,16,79,13,SEDANG
76,29,23,173,14,TIDAK SEHAT
52,14,31,102,18,TIDAK SEHAT
55,12,23,96,17,SEDANG
53,19,16,122,12,TIDAK SEHAT
59,20,26,83,30,SEDANG
63,23,24,77,21,SEDANG
60,20,22,79,16,SEDANG
57,24,26,71,19,SEDANG
71,40,19,88,16,SEDANG
52,17,16,144,15,TIDAK SEHAT
56,15,15,129,23,TIDAK SEHAT
38,13,14,65,16,SEDANG
27,12,6,51,8,SEDANG
54,31,12,234,16,SANGAT TIDAK SEHAT
65,36,11,145,16,TIDAK SEHAT
59,28,15,118,16,TIDAK SEHAT
62,20,20,68,16,SEDANG
50,16,16,94,16,SEDANG
66,31,14,163,22,TIDAK SEHAT
59,18,17,129,20,TIDAK SEHAT
66,27,14,203,18,SANGAT TIDAK SEHAT
61,18,33,193,22,TIDAK SEHAT
56,25,16,73,15,SEDANG
68,19,22,67,20,SEDANG
53,20,25,123,19,TIDAK SEHAT
63,26,13,109,17,TIDAK SEHAT
67,18,35,94,4,SEDANG
47,18,18,85,5,SEDANG
53,18,22,121,3,TIDAK SEHAT
43,16,24,108,3,TIDAK SEHAT
48,16,23,101,3,TIDAK SEHAT
51,17,20,82,2,SEDANG
39,16,23,88,3,SEDANG
38,16,22,89,3,SEDANG
43,16,22,98,4,SEDANG
55,16,36,166,4,TIDAK SEHAT
54,17,35,104,4,TIDAK SEHAT
66,18,28,,4,SEDANG
66,18,31,78,4,SEDANG
60,18,25,53,3,SEDANG
40,18,20,41,2,BAIK
35,18,22,79,3,SEDANG
38,19,17,98,3,SEDANG
54,19,22,120,4,TIDAK SEHAT
75,21,31,90,4,SEDANG
49,17,21,92,4,SEDANG
47,18,20,125,2,TIDAK SEHAT
69,18,25,88,3,SEDANG
60,20,20,118,4,TIDAK SEHAT
56,19,35,112,4,TIDAK SEHAT
52,18,21,77,3,SEDANG
48,16,20,90,4,SEDANG
54,16,28,126,4,TIDAK SEHAT
,19,22,84,5,SEDANG
48,18,21,76,3,SEDANG
42,16,20,131,4,TIDAK SEHAT
74,24,19,69,10,SEDANG
48,24,12,47,7,BAIK
60,25,24,60,12,SEDANG
55,23,26,71,9,SEDANG
56,23,17,77,3,SEDANG
44,24,13,74,11,SEDANG
54,24,22,86,11,SEDANG
56,25,18,72,9,SEDANG
61,24,20,65,15,SEDANG
56,24,29,93,10,SEDANG
63,24,33,62,9,SEDANG
51,24,31,52,11,SEDANG
62,23,25,66,14,SEDANG
46,23,17,41,10,BAIK
27,23,11,33,4,BAIK
51,26,15,101,9,TIDAK SEHAT
59,31,9,93,13,SEDANG
58,28,11,52,9,SEDANG
81,25,25,51,10,SEDANG
56,25,15,82,10,SEDANG
59,25,17,93,15,SEDANG
61,26,18,54,12,SEDANG
58,25,10,92,13,SEDANG
58,24,29,72,12,SEDANG
57,23,13,60,9,SEDANG
72,24,26,63,10,SEDANG
57,24,27,61,10,SEDANG
57,25,8,55,10,SEDANG
62,27,12,54,11,SEDANG
48,24,9,93,11,SEDANG
63,27,21,80,7,SEDANG
45,26,13,63,,SEDANG
56,29,21,130,7,TIDAK SEHAT
56,26,21,110,8,TIDAK SEHAT
54,24,17,81,,SEDANG
53,28,13,97,4,SEDANG
54,28,18,96,7,SEDANG
52,32,17,79,12,SEDANG
51,14,19,90,6,SEDANG
60,14,36,119,7,TIDAK SEHAT
60,15,31,83,8,SEDANG
54,14,21,78,6,SEDANG
56,15,17,73,7,SEDANG
42,14,25,,17,BAIK
30,13,9,,6,BAIK
41,18,20,,11,BAIK
35,16,12,105,10,TIDAK SEHAT
54,16,14,66,12,SEDANG
55,16,19,61,17,SEDANG
44,14,16,91,14,SEDANG
62,16,20,106,16,TIDAK SEHAT
60,17,18,54,17,SEDANG
48,17,26,108,22,TIDAK SEHAT
60,15,37,105,22,TIDAK SEHAT
54,14,18,74,14,SEDANG
60,17,20,50,17,SEDANG
48,14,23,81,17,SEDANG
40,15,16,86,16,SEDANG
60,14,33,64,26,SEDANG
44,14,16,120,15,TIDAK SEHAT
57,15,21,64,3,SEDANG
59,18,22,65,15,SEDANG
57,16,21,86,4,SEDANG
63,13,29,71,3,SEDANG
62,16,31,57,3,SEDANG
49,16,23,66,4,SEDANG
50,16,21,82,4,SEDANG
68,14,27,81,4,SEDANG
54,15,17,80,3,SEDANG
64,13,21,94,5,SEDANG
82,15,39,92,4,SEDANG
57,14,27,112,3,TIDAK SEHAT
52,15,18,63,3,SEDANG
50,15,15,69,3,SEDANG
23,13,10,34,2,BAIK
41,12,9,36,2,BAIK
35,13,12,62,3,SEDANG
36,17,12,86,3,SEDANG
60,15,20,88,3,SEDANG
48,14,17,49,3,BAIK
33,13,12,23,3,BAIK
48,14,,15,2,BAIK
21,11,4,20,1,BAIK
22,13,6,22,2,BAIK
22,14,7,18,2,BAIK
28,13,15,55,3,SEDANG
4,13,,63,,SEDANG
19,,5,,8,BAIK
17,,,,4,BAIK
24,,4,33,3,BAIK
55,14,19,106,17,TIDAK SEHAT
73,36,20,132,21,TIDAK SEHAT
65,25,17,97,20,SEDANG
64,15,31,59,21,SEDANG
59,18,25,74,19,SEDANG
61,27,12,75,16,SEDANG
59,40,20,96,15,SEDANG
56,11,23,134,27,TIDAK SEHAT
58,18,12,104,19,TIDAK SEHAT
66,17,20,137,19,TIDAK SEHAT
73,16,35,123,34,TIDAK SEHAT
56,16,17,214,18,SANGAT TIDAK SEHAT
51,14,14,117,26,TIDAK SEHAT
50,17,16,57,18,SEDANG
23,11,5,47,6,BAIK
35,12,11,63,9,SEDANG
31,13,8,128,12,TIDAK SEHAT
51,27,9,160,14,TIDAK SEHAT
60,26,17,195,17,TIDAK SEHAT
48,14,13,69,15,SEDANG
34,15,8,52,17,SEDANG
41,23,6,47,18,BAIK
40,16,10,31,21,BAIK
16,11,3,35,3,BAIK
22,13,5,43,4,BAIK
19,14,5,33,4,BAIK
,12,7,50,6,BAIK
,12,4,49,3,BAIK
,12,4,37,3,BAIK
,11,3,33,2,BAIK
,18,4,39,3,BAIK
60,16,27,112,3,TIDAK SEHAT
43,18,20,92,,SEDANG
49,17,21,84,3,SEDANG
52,18,33,94,3,SEDANG
33,17,29,134,5,TIDAK SEHAT
55,16,30,97,3,SEDANG
57,16,25,95,5,SEDANG
64,16,30,83,3,SEDANG
75,16,50,90,4,SEDANG
50,17,28,94,3,SEDANG
39,17,24,88,3,SEDANG
35,17,21,92,8,SEDANG
24,15,16,,,BAIK
42,19,16,62,,SEDANG
51,21,21,101,6,TIDAK SEHAT
55,17,24,97,4,SEDANG
41,18,19,64,3,SEDANG
58,21,21,66,3,SEDANG
,,19,44,2,BAIK
,,9,45,2,BAIK
,9,5,70,1,SEDANG
28,12,5,69,2,SEDANG
29,12,6,47,3,BAIK
33,11,3,42,2,BAIK
22,11,2,50,1,BAIK
24,12,3,53,1,SEDANG
44,13,6,43,2,BAIK
53,26,16,61,13,SEDANG
68,28,18,71,8,SEDANG
63,31,17,55,11,SEDANG
51,24,17,56,11,SEDANG
62,25,33,59,9,SEDANG
47,26,10,47,6,BAIK
51,26,19,72,9,SEDANG
59,25,18,63,11,SEDANG
60,25,15,57,8,SEDANG
68,24,32,48,11,SEDANG
74,26,43,104,15,TIDAK SEHAT
58,26,30,67,11,SEDANG
47,26,13,70,10,SEDANG
41,24,11,60,10,SEDANG
37,24,6,23,,BAIK
46,25,9,43,3,BAIK
41,30,,78,,SEDANG
48,27,9,74,10,SEDANG
62,27,20,118,10,TIDAK SEHAT
51,27,17,67,14,SEDANG
34,25,8,37,5,BAIK
46,31,10,47,8,BAIK
39,26,12,42,7,BAIK
34,24,8,26,5,BAIK
29,24,5,23,3,BAIK
31,25,5,22,3,BAIK
28,25,7,30,6,BAIK
25,24,4,23,3,BAIK
30,24,4,21,2,BAIK
48,8,3,21,3,BAIK
33,8,6,20,4,BAIK
45,15,12,62,13,SEDANG
49,16,18,79,20,SEDANG
53,15,17,77,16,SEDANG
51,14,30,56,20,SEDANG
55,15,26,81,22,SEDANG
51,14,26,75,17,SEDANG
50,17,25,87,13,SEDANG
60,15,20,78,15,SEDANG
54,16,13,74,13,SEDANG
60,13,28,78,16,SEDANG
72,14,39,91,23,SEDANG
51,13,31,68,22,SEDANG
39,14,15,63,15,SEDANG
34,17,11,48,18,BAIK
16,14,6,30,6,BAIK
35,13,10,29,6,BAIK
35,14,11,65,8,SEDANG
38,16,9,64,8,SEDANG
52,17,24,71,19,SEDANG
35,15,13,44,18,BAIK
27,16,9,43,6,BAIK
43,32,10,51,11,SEDANG
40,20,11,44,8,BAIK
13,14,7,19,2,BAIK
24,15,7,22,4,BAIK
11,16,6,22,5,BAIK
6,2,8,48,,BAIK
,1,7,40,,BAIK
,,6,49,,BAIK
,,6,51,,SEDANG
,11,6,34,2,BAIK