No,MM,Y1,Y2,Y3,Y4,X11,X12,X13,X21,X22,X23,X31,X32,X33,X41,X42,X43,X44,,,,,,,
1,4,4,1,4,4,4,4,4,3,2,1,4,3,5,1,1,3,4,,,,,,,
2,4,2,5,1,5,5,5,5,5,5,2,2,4,3,2,3,3,1,,,,,,,
3,3,3,1,4,1,4,2,1,4,2,3,5,1,2,3,3,3,3,,,,,,,
4,2,5,5,3,1,4,2,2,4,4,4,4,4,2,1,5,3,5,,,,,,,
5,2,2,4,3,4,5,2,4,4,2,2,3,2,3,3,5,3,3,,,,,,,
6,4,3,2,5,4,5,3,2,2,5,5,1,5,4,2,4,4,2,,,,,,,
7,5,1,5,5,3,5,2,1,5,3,3,3,3,5,3,5,4,4,,,,,,,
8,3,2,1,5,3,3,4,3,3,1,1,2,5,5,3,1,1,3,,,,,,,
9,3,2,4,2,3,5,1,1,5,1,2,4,4,1,1,4,1,3,,,,,,,
10,3,1,2,5,1,3,2,2,4,3,5,5,5,5,2,1,5,4,,,,,,,
11,1,1,3,3,5,5,5,2,4,1,1,4,2,3,1,5,1,2,,,,,,,
12,3,4,2,4,4,2,5,1,3,2,5,5,4,4,2,1,3,1,,,,,,,
13,3,1,1,5,5,3,4,5,2,5,1,5,1,3,2,3,4,5,,,,,,,
14,5,4,2,4,3,2,3,3,2,3,1,1,2,3,3,1,5,1,,,,,,,
15,5,1,1,1,2,5,4,3,1,4,1,4,3,2,4,2,3,5,,,,,,,
16,3,5,4,5,3,3,5,3,5,5,2,5,4,3,2,5,2,5,,,,,,,
17,2,5,3,2,2,3,5,1,1,3,3,4,1,1,4,1,1,2,,,,,,,
18,2,5,3,3,4,1,5,2,5,3,1,3,2,3,5,3,1,5,,,,,,,
19,4,1,3,3,4,3,2,4,1,1,2,1,5,2,5,3,1,2,,,,,,,
20,4,1,5,5,5,1,1,5,2,3,1,1,3,3,5,5,1,1,,,,,,,
21,2,4,2,2,3,2,4,1,2,5,1,4,4,5,4,5,3,5,,,,,,,
22,4,5,1,2,3,1,3,1,4,4,3,4,5,3,2,3,5,5,,,,,,,
23,4,5,5,4,1,3,2,1,1,3,4,5,1,1,1,1,5,5,,,,,,,
24,2,5,2,1,5,2,2,2,1,1,2,1,1,4,1,1,5,3,,,,,,,
25,2,5,1,1,2,4,5,1,5,5,5,4,1,1,5,2,2,1,,,,,,,
26,5,4,5,1,2,2,2,2,5,5,5,3,5,1,2,2,3,4,,,,,,,
27,2,3,5,4,2,5,1,5,3,4,1,3,3,3,2,4,3,4,,,,,,,
28,2,5,5,2,2,1,1,1,5,5,4,2,4,1,5,1,2,3,,,,,,,
29,1,4,5,5,4,4,2,1,2,2,3,1,5,1,1,1,4,1,,,,,,,
30,4,2,3,3,1,1,4,3,2,2,3,2,3,4,5,2,4,4,,,,,,,
31,4,1,1,4,1,3,4,1,5,1,4,2,1,2,1,5,4,1,,,,,,,
32,1,5,4,1,5,2,3,1,2,5,1,5,5,5,5,4,3,5,,,,,,,
33,2,4,2,3,5,2,5,1,3,1,3,3,3,1,2,1,1,3,,,,,,,
34,2,4,2,1,3,4,4,1,5,3,3,4,3,1,2,2,2,1,,,,,,,
35,1,5,3,1,5,1,5,2,1,4,1,2,3,5,2,2,5,4,,,,,,,
36,1,2,4,1,3,1,2,2,1,4,4,3,4,3,3,5,3,2,,,,,,,
37,2,4,1,2,2,1,3,4,2,2,1,5,5,5,4,4,5,5,,,,,,,
38,1,1,3,4,4,2,3,5,3,1,3,5,2,4,5,4,5,1,,,,,,,
39,2,1,4,4,4,1,1,5,3,1,3,3,1,3,4,3,5,1,,,,,,,
40,2,2,5,5,1,5,1,1,5,5,3,2,5,5,1,4,2,4,,,,,,,
41,3,4,4,1,4,1,1,4,5,5,1,3,3,5,4,4,5,5,,,,,,,
42,2,3,1,4,3,5,3,1,5,2,3,3,5,2,5,5,5,4,,,,,,,
43,3,5,3,3,3,4,4,5,1,4,1,3,3,3,4,4,1,5,,,,,,,
44,3,1,5,3,2,5,4,4,3,5,4,4,5,3,5,1,2,1,,,,,,,
45,2,5,2,2,5,1,1,4,3,3,5,4,1,5,2,4,1,2,,,,,,,
46,5,3,5,2,3,5,2,1,3,2,1,3,2,2,2,5,3,3,,,,,,,
47,3,4,3,3,4,4,3,5,3,2,5,5,3,3,2,4,3,3,,,,,,,
48,2,1,4,2,4,3,5,2,5,5,4,3,4,3,1,1,1,5,,,,,,,
49,4,4,1,4,3,5,5,2,1,3,1,2,4,2,5,3,1,4,,,,,,,
50,2,3,5,5,1,3,5,1,5,3,5,4,2,2,4,5,2,2,,,,,,,
51,2,5,1,3,2,1,4,1,3,2,2,1,5,2,4,4,1,4,,,,,,,
52,1,1,4,4,4,3,1,5,5,1,5,4,5,4,1,1,5,5,,,,,,,
53,3,5,2,2,2,5,4,2,3,2,3,4,4,1,4,5,2,2,,,,,,,
54,4,1,2,5,2,5,4,5,4,1,3,5,3,4,2,2,4,3,,,,,,,
55,3,2,2,5,2,1,1,4,5,2,2,3,2,4,4,3,1,2,,,,,,,
56,1,2,2,3,4,2,4,2,3,2,3,3,4,3,1,3,4,2,,,,,,,
57,1,3,2,1,5,3,5,4,2,5,5,5,4,1,1,3,1,2,,,,,,,
58,5,4,1,3,5,5,5,2,5,1,1,1,5,1,3,5,4,4,,,,,,,
59,1,2,4,3,3,5,3,5,1,4,3,1,2,4,5,1,4,2,,,,,,,
60,3,5,5,3,2,4,5,3,4,5,4,3,2,5,5,1,3,5,,,,,,,
61,1,5,5,3,2,4,4,2,5,4,2,1,1,1,4,4,1,5,,,,,,,
62,4,2,3,4,5,1,5,4,3,3,3,5,2,2,2,2,3,3,,,,,,,
63,1,1,3,4,1,4,4,4,3,3,2,3,1,2,3,2,3,5,,,,,,,
64,4,5,3,3,3,5,3,3,3,5,5,4,3,3,3,3,4,3,,,,,,,
65,5,3,5,4,5,5,4,5,3,4,3,3,5,4,5,3,4,4,,,,,,,
66,5,5,5,3,3,5,4,4,5,4,4,4,3,3,5,5,4,4,,,,,,,
67,4,3,5,5,3,4,4,4,5,3,5,5,4,5,5,3,5,3,,,,,,,
68,3,4,5,4,5,5,4,5,3,4,3,5,4,5,3,4,3,4,,,,,,,
69,3,4,5,5,5,3,5,5,3,4,3,3,5,5,5,4,3,4,,,,,,,
70,3,5,3,3,3,4,5,4,3,5,3,4,3,5,4,5,4,5,,,,,,,
71,4,5,5,3,5,4,3,3,4,3,3,5,4,5,5,3,5,4,,,,,,,
72,5,3,5,5,3,3,3,3,3,5,3,5,5,4,4,4,4,3,,,,,,,
73,3,4,5,3,5,3,3,4,4,4,4,5,5,3,4,5,5,5,,,,,,,
74,5,3,4,4,3,5,5,5,4,4,3,3,3,3,4,4,4,3,,,,,,,
75,3,3,3,4,5,3,4,5,4,4,3,4,4,3,5,4,3,3,,,,,,,
76,3,4,5,4,4,4,3,5,5,5,4,5,5,5,3,5,3,3,,,,,,,
77,4,4,5,4,5,5,4,4,4,3,4,3,5,3,4,3,3,4,,,,,,,
78,3,4,5,5,5,3,3,5,3,5,4,5,4,5,5,5,5,5,,,,,,,
79,4,5,4,4,5,4,4,5,3,4,4,3,3,4,4,4,3,3,,,,,,,
80,5,5,5,3,3,3,5,4,5,4,5,5,5,3,4,5,3,4,,,,,,,
81,4,4,3,4,3,5,3,3,5,3,4,3,4,4,4,4,5,4,,,,,,,
82,3,5,5,3,5,5,5,5,5,5,3,3,5,3,5,3,3,3,,,,,,,
83,5,3,4,3,4,5,4,4,3,5,5,4,5,3,3,3,4,5,,,,,,,
84,5,3,4,4,4,4,3,3,3,4,3,3,3,4,4,3,5,5,,,,,,,
85,5,4,3,4,3,3,5,3,4,3,3,5,5,4,4,3,4,4,,,,,,,
86,4,5,3,5,4,3,4,4,4,4,3,3,5,3,3,3,3,4,,,,,,,
87,3,3,3,4,5,5,4,3,3,3,4,3,4,4,3,4,4,3,,,,,,,
88,5,5,3,5,4,3,5,4,3,5,3,5,3,5,5,5,4,4,,,,,,,
89,4,3,3,5,3,4,5,3,3,4,3,5,4,4,4,5,5,4,,,,,,,
90,5,4,5,4,5,4,3,4,3,3,4,3,5,5,4,4,4,4,,,,,,,
91,5,5,5,3,5,4,4,5,4,4,5,5,4,4,3,3,5,5,,,,,,,
92,5,4,5,5,3,3,3,4,4,5,5,5,3,4,4,4,4,3,,,,,,,
93,5,4,5,3,3,5,4,4,3,3,4,4,3,3,4,5,3,4,,,,,,,
94,3,4,5,4,5,4,3,3,5,5,3,3,3,5,4,4,3,4,,,,,,,
95,5,5,4,3,5,5,3,3,3,5,3,5,5,5,3,3,3,5,,,,,,,
96,4,4,4,4,3,5,5,3,5,5,4,3,5,4,3,3,5,4,,,,,,,
97,5,3,4,3,5,5,4,4,4,4,3,5,5,4,4,5,4,4,,,,,,,
98,4,4,3,4,4,5,5,3,4,5,3,3,3,5,4,4,3,5,,,,,,,
99,3,4,4,5,3,4,3,5,4,5,3,3,5,4,4,4,5,3,,,,,,,
100,5,5,5,4,5,4,4,3,3,4,3,5,5,3,3,3,3,3,,,,,,,
101,3,5,5,3,4,3,3,3,3,5,5,3,4,5,4,5,3,4,,,,,,,
102,5,5,5,3,3,4,5,4,3,3,5,5,3,5,4,3,3,3,,,,,,,
103,3,3,5,4,3,5,5,3,4,3,3,4,3,3,5,5,3,5,,,,,,,
104,3,3,5,3,4,4,4,4,3,5,4,5,4,3,4,5,3,3,,,,,,,
105,4,4,3,4,5,5,5,4,4,5,3,4,3,3,3,5,5,3,,,,,,,
106,3,3,4,3,4,3,5,5,5,3,3,5,3,5,5,3,3,4,,,,,,,
107,4,5,5,4,3,5,5,3,4,4,3,5,4,4,5,3,3,5,,,,,,,
108,4,4,3,5,3,5,3,4,4,5,5,5,5,5,3,5,5,5,,,,,,,
109,4,5,3,4,3,5,4,4,4,4,5,3,5,4,3,4,3,5,,,,,,,
110,3,5,4,4,5,4,3,3,5,3,4,3,5,3,5,5,5,5,,,,,,,
111,5,4,3,4,3,5,5,5,4,4,4,5,4,5,5,4,4,4,,,,,,,
112,4,4,5,3,3,5,5,3,4,5,4,5,4,3,4,3,5,3,,,,,,,
113,4,3,3,3,3,3,3,5,4,5,3,3,3,5,5,3,4,5,,,,,,,
114,5,4,5,4,5,4,3,5,5,4,5,4,3,4,4,4,3,5,,,,,,,
115,5,5,5,4,3,3,4,5,5,5,3,5,4,3,5,5,5,5,,,,,,,
116,5,4,4,3,4,4,4,4,5,4,3,4,3,3,4,5,4,4,,,,,,,
117,5,5,5,4,4,3,5,5,4,5,5,4,3,4,5,3,4,4,,,,,,,
118,4,4,4,5,4,3,3,4,4,3,5,5,3,4,4,4,5,3,,,,,,,
119,5,5,3,4,5,3,3,4,3,4,4,4,4,3,4,5,3,5,,,,,,,
120,4,4,3,5,3,3,3,3,4,5,5,3,5,5,4,5,5,4,,,,,,,
121,3,5,5,3,4,4,3,3,4,3,4,3,4,4,5,4,5,3,,,,,,,
122,3,4,3,5,4,3,5,3,4,3,3,5,5,4,5,4,4,4,,,,,,,
123,4,5,5,4,3,4,3,4,3,3,5,3,5,3,4,4,3,5,,,,,,,
124,5,4,4,3,5,4,4,3,4,4,4,5,3,5,5,5,5,3,,,,,,,
125,5,5,4,4,4,4,4,5,4,3,5,4,3,5,5,3,4,3,,,,,,,
126,4,4,5,4,4,4,4,4,3,4,3,3,5,3,4,5,5,5,,,,,,,
127,5,5,4,3,5,4,4,3,3,3,3,3,4,3,4,4,5,4,,,,,,,
128,4,5,4,3,5,3,5,3,3,4,3,3,3,5,3,5,5,5,,,,,,,
129,3,3,4,4,5,3,3,3,3,3,4,4,3,3,5,4,4,3,,,,,,,
130,4,4,4,5,4,4,4,3,4,4,5,3,3,5,3,3,4,4,,,,,,,
131,3,5,3,3,5,5,5,3,5,5,3,3,4,5,4,3,4,3,,,,,,,
132,4,4,4,5,3,4,3,5,3,4,5,3,3,4,5,5,4,4,,,,,,,
133,3,5,3,4,3,3,4,4,4,4,5,3,5,3,5,5,3,5,,,,,,,
134,3,3,5,5,5,3,5,3,4,4,5,3,4,3,4,3,4,5,,,,,,,
135,5,5,5,4,3,4,5,3,4,3,3,5,4,5,4,4,5,3,,,,,,,
136,4,5,3,3,3,3,5,4,5,4,3,3,5,4,4,3,5,3,,,,,,,
137,5,4,5,5,3,4,4,3,3,4,5,3,5,3,5,4,4,5,,,,,,,
138,5,4,3,5,3,5,3,5,4,4,4,5,3,4,5,5,3,5,,,,,,,
139,5,5,3,5,5,4,5,4,4,3,3,3,5,5,4,3,5,3,,,,,,,
140,3,4,3,3,4,3,3,3,3,4,4,3,3,3,3,4,3,5,,,,,,,
141,3,3,3,4,4,4,3,5,5,5,4,3,4,5,5,3,5,5,,,,,,,
142,4,3,4,5,4,4,5,5,3,4,3,3,5,3,3,3,5,4,,,,,,,
143,5,5,5,4,4,4,5,5,3,5,4,4,4,4,3,5,3,5,,,,,,,
144,5,4,4,5,4,3,4,4,3,5,4,3,5,3,4,3,4,3,,,,,,,
145,3,4,3,5,5,3,3,4,5,5,4,5,4,4,3,3,5,3,,,,,,,
146,4,5,3,4,5,5,5,5,3,3,4,5,5,4,3,5,5,3,,,,,,,
147,4,5,5,3,3,5,3,5,4,3,4,3,5,5,5,5,5,3,,,,,,,
148,3,3,3,3,3,5,5,3,5,4,3,5,3,4,5,3,5,4,,,,,,,
149,3,4,3,4,5,4,4,5,5,3,4,4,5,3,3,3,5,5,,,,,,,
150,5,4,3,4,5,3,5,4,5,3,4,5,3,4,4,4,5,4,,,,,,,
151,3,4,5,4,3,4,4,4,3,4,4,3,5,5,4,4,5,4,,,,,,,
152,4,5,4,3,5,5,5,4,3,4,3,4,3,4,5,4,4,4,,,,,,,
153,5,5,5,4,3,3,5,5,3,4,3,3,4,5,4,5,3,3,,,,,,,
154,4,4,5,3,4,3,3,3,3,4,4,3,3,3,5,3,3,5,,,,,,,
155,4,5,3,4,4,3,4,5,4,3,4,5,3,5,4,4,4,5,,,,,,,
156,3,5,4,4,3,5,5,3,3,3,3,4,4,4,3,5,3,4,,,,,,,
157,5,5,3,3,5,3,4,5,4,5,4,5,3,4,4,3,4,4,,,,,,,
158,5,4,3,3,5,3,3,5,3,5,3,3,4,4,3,3,3,4,,,,,,,
159,3,4,4,3,5,3,5,5,4,5,3,3,3,3,3,3,4,5,,,,,,,
160,5,3,4,5,3,3,3,4,3,3,3,3,5,3,3,3,5,4,,,,,,,
161,5,5,4,5,3,3,3,4,3,4,3,3,3,3,5,5,4,4,,,,,,,
162,5,3,4,4,3,5,3,3,3,5,5,4,3,3,4,3,3,4,,,,,,,
163,3,3,3,5,5,4,5,4,3,3,5,5,3,5,4,5,4,4,,,,,,,
164,4,5,4,4,3,3,4,5,4,3,5,5,3,5,5,3,4,5,,,,,,,
165,5,5,5,4,4,4,3,3,5,3,4,5,3,5,5,5,4,3,,,,,,,
166,5,5,5,5,3,4,5,3,5,5,3,3,4,5,3,3,5,4,,,,,,,
167,5,5,3,4,3,5,4,5,3,4,5,5,5,3,5,3,5,5,,,,,,,
168,5,4,5,5,3,4,3,3,3,5,4,3,4,3,4,3,4,3,,,,,,,
169,4,5,5,3,3,4,3,4,5,3,5,3,5,5,4,5,5,4,,,,,,,
170,5,3,4,5,5,5,5,3,3,3,3,3,4,5,3,5,3,5,,,,,,,
171,4,3,3,4,4,4,3,4,3,3,4,4,4,5,3,3,5,5,,,,,,,
172,4,3,5,3,3,3,4,5,3,3,5,3,3,5,5,5,4,5,,,,,,,
173,5,3,5,3,5,4,4,3,4,3,5,4,5,5,4,5,3,4,,,,,,,
174,4,3,4,3,3,3,5,5,5,5,3,4,4,4,4,3,3,3,,,,,,,
175,3,5,3,5,4,3,4,5,5,4,3,4,4,4,3,5,5,4,,,,,,,
176,4,4,3,4,4,5,3,5,5,3,3,5,3,5,4,3,5,5,,,,,,,
177,3,3,5,5,5,3,3,3,3,3,4,4,5,5,5,5,4,5,,,,,,,
178,4,5,4,5,4,4,4,4,3,3,5,4,5,3,5,5,3,3,,,,,,,
179,5,5,3,5,5,4,3,3,5,4,5,5,4,3,4,5,3,3,,,,,,,
180,4,3,3,5,5,5,5,3,3,4,5,4,5,5,3,4,4,5,,,,,,,
181,3,3,5,4,3,4,3,5,3,5,4,4,5,4,5,4,5,4,,,,,,,
182,4,4,5,3,4,5,3,3,3,3,5,3,3,4,3,4,5,3,,,,,,,
183,5,4,3,4,5,5,5,3,4,3,4,4,3,5,3,3,4,4,,,,,,,
184,3,3,4,4,5,4,5,4,3,4,3,4,5,4,4,4,5,3,,,,,,,
185,5,5,3,5,3,5,3,4,5,3,5,4,3,4,3,5,5,4,,,,,,,
186,3,4,4,3,4,3,3,3,5,5,3,3,5,3,3,3,4,3,,,,,,,
187,5,5,5,4,3,3,3,5,3,4,4,3,5,5,4,5,4,4,,,,,,,
188,4,4,4,4,4,5,4,5,3,3,3,3,3,4,4,3,4,3,,,,,,,
189,5,5,3,3,3,4,5,3,3,5,3,4,4,5,3,4,5,5,,,,,,,
190,3,3,5,4,5,3,4,4,5,3,5,4,5,3,5,4,4,5,,,,,,,
191,3,5,3,3,3,4,4,3,4,3,3,4,3,4,3,5,3,5,,,,,,,
192,4,4,5,5,3,4,4,3,3,4,5,4,3,5,3,3,4,3,,,,,,,
193,5,3,4,3,4,3,4,5,5,4,4,3,5,3,5,3,3,3,,,,,,,
194,3,3,5,4,5,5,4,5,3,3,3,5,4,4,4,4,3,3,,,,,,,
195,3,3,5,4,5,4,3,4,4,3,3,4,3,4,5,3,5,5,,,,,,,
196,5,3,5,3,4,5,3,3,3,5,4,5,3,5,3,5,4,4,,,,,,,
197,3,4,3,4,5,3,4,5,4,5,4,5,3,4,4,3,4,4,,,,,,,
198,4,4,4,3,4,5,5,4,3,5,5,3,4,3,4,4,4,3,,,,,,,
199,5,4,4,3,3,4,5,5,5,3,5,4,3,5,4,3,5,4,,,,,,,
200,3,5,4,4,5,4,3,5,4,5,5,4,4,3,3,5,4,3,,,,,,,
201,3,4,5,5,5,3,5,5,4,3,3,4,5,3,4,3,3,5,,,,,,,
202,4,4,3,4,5,5,3,5,5,5,3,5,3,3,5,5,5,4,,,,,,,
203,4,4,3,3,5,5,5,3,3,5,4,4,5,5,3,3,5,5,,,,,,,
204,3,5,3,4,4,4,5,5,4,4,3,3,3,5,4,3,4,3,,,,,,,
205,5,3,5,3,5,5,5,4,4,5,3,5,3,4,4,3,5,5,,,,,,,
206,5,4,5,5,4,5,5,4,4,5,5,3,5,3,5,4,3,5,,,,,,,
207,4,3,3,3,4,4,5,4,4,5,4,3,4,5,5,3,3,3,,,,,,,
208,3,5,3,4,4,4,3,3,5,5,4,4,3,4,5,4,4,5,,,,,,,
209,5,5,3,4,5,5,5,5,4,5,3,4,5,4,3,3,5,4,,,,,,,
210,5,5,4,4,3,4,3,5,5,4,3,3,3,4,5,5,3,3,,,,,,,
211,3,4,5,5,4,5,4,3,5,3,5,3,4,5,4,3,3,3,,,,,,,
212,4,5,4,4,4,4,5,4,5,3,5,3,5,3,4,5,4,3,,,,,,,
213,5,3,4,5,5,4,3,4,5,3,3,3,3,4,4,4,5,3,,,,,,,
214,4,3,4,4,5,4,5,5,3,4,5,5,3,3,3,4,4,5,,,,,,,
215,5,4,5,5,5,4,3,4,3,3,3,4,5,3,4,3,5,4,,,,,,,
216,5,5,5,3,4,3,4,5,5,5,5,4,3,3,3,5,3,4,,,,,,,
217,5,3,5,3,3,3,5,4,5,3,4,3,4,3,4,5,4,4,,,,,,,
218,4,3,4,3,3,4,4,5,3,3,3,3,5,4,5,4,3,5,,,,,,,
219,3,3,5,4,3,5,5,4,3,3,5,5,3,4,5,3,4,4,,,,,,,
220,5,4,4,4,5,5,3,3,4,5,4,5,3,3,4,4,5,5,,,,,,,
221,4,5,5,4,4,3,5,5,5,5,5,4,5,3,3,4,5,3,,,,,,,
222,5,3,5,3,3,5,3,4,4,4,5,5,4,4,4,5,3,3,,,,,,,
223,3,4,5,5,4,3,5,3,5,4,4,5,4,3,5,3,4,3,,,,,,,
224,5,5,5,4,5,3,3,3,4,3,3,4,3,4,5,4,4,3,,,,,,,
225,5,5,3,5,5,4,3,5,4,5,4,4,4,4,3,4,3,4,,,,,,,
226,5,3,4,4,3,3,3,4,5,5,4,3,4,3,5,3,4,5,,,,,,,
227,3,4,5,3,5,4,5,3,5,4,5,4,5,5,3,5,3,5,,,,,,,
228,5,4,5,4,4,3,3,3,3,5,4,3,5,3,5,4,5,5,,,,,,,
229,5,5,5,5,5,3,5,5,3,3,4,4,5,4,3,3,3,3,,,,,,,
230,3,4,5,5,3,5,4,4,3,3,5,4,5,5,5,4,3,3,,,,,,,
231,4,3,3,4,5,5,5,3,3,4,5,3,3,5,3,4,5,3,,,,,,,
232,5,4,4,4,5,3,4,5,3,4,4,5,3,5,5,4,4,4,,,,,,,
233,5,5,4,4,3,4,4,5,3,4,3,5,5,3,4,5,3,4,,,,,,,
234,3,4,4,4,3,3,4,5,3,4,5,3,4,3,4,5,4,5,,,,,,,
235,3,4,4,5,5,5,5,5,4,5,3,4,3,4,5,5,3,5,,,,,,,
236,3,4,5,3,3,3,5,4,4,5,4,5,4,3,5,4,4,4,,,,,,,
237,4,4,5,5,5,3,3,3,3,4,3,5,3,3,4,4,5,5,,,,,,,
238,3,3,5,4,4,5,5,3,5,3,5,4,3,5,3,3,3,5,,,,,,,
239,5,5,4,3,3,4,3,4,5,4,5,3,3,3,4,4,4,5,,,,,,,
240,5,4,5,3,5,3,4,5,3,3,4,4,5,3,5,3,4,4,,,,,,,
241,3,4,5,5,5,5,5,5,4,4,5,4,3,4,3,4,5,4,,,,,,,
242,5,3,3,5,3,5,4,3,3,4,5,3,3,4,3,5,3,3,,,,,,,
243,5,5,5,3,4,4,4,5,3,5,5,5,4,4,3,4,5,4,,,,,,,
244,5,4,4,3,4,5,3,5,3,5,3,4,5,3,5,5,5,4,,,,,,,
245,5,5,3,3,3,4,4,4,4,5,4,5,5,3,3,4,4,5,,,,,,,
246,5,3,5,3,4,4,3,4,3,3,5,3,5,4,3,3,5,3,,,,,,,
247,5,4,3,4,4,3,3,3,3,3,4,3,5,3,3,4,3,3,,,,,,,
248,5,4,4,5,5,4,5,3,4,4,4,5,5,5,5,3,4,5,,,,,,,
249,5,3,4,5,3,4,3,4,5,3,5,4,4,4,3,5,3,3,,,,,,,
250,4,5,4,5,4,3,3,5,3,4,3,4,4,5,5,5,4,3,,,,,,,
251,3,3,3,5,5,4,3,3,4,5,4,4,5,5,5,5,5,4,,,,,,,
252,4,3,3,4,3,5,3,4,3,3,5,5,4,5,5,5,3,4,,,,,,,
253,4,4,5,5,5,4,4,4,3,4,4,4,5,4,4,3,3,4,,,,,,,
254,5,3,4,4,4,4,3,5,5,3,3,5,4,4,3,4,4,3,,,,,,,
255,3,5,5,4,4,3,5,5,3,3,5,5,3,4,5,5,5,5,,,,,,,
256,5,5,3,5,4,3,3,3,3,3,4,4,4,3,3,3,3,5,,,,,,,
257,4,3,4,5,5,5,5,5,3,5,4,3,3,4,5,5,3,4,,,,,,,
258,5,3,4,5,3,5,3,5,4,5,5,4,4,5,5,3,4,5,,,,,,,
259,4,5,3,5,3,4,4,3,4,4,3,5,5,3,4,5,3,3,,,,,,,
260,4,5,5,4,5,5,5,3,3,5,4,5,3,4,3,5,3,4,,,,,,,
261,4,4,5,5,4,3,4,3,4,4,4,3,4,5,3,5,5,5,,,,,,,
262,3,3,3,4,3,5,3,5,5,5,3,5,3,5,5,4,4,4,,,,,,,
263,4,5,4,3,5,5,4,4,4,3,4,4,4,4,4,3,3,4,,,,,,,
264,3,5,4,3,3,3,5,3,5,3,4,5,4,3,3,5,4,5,,,,,,,
265,4,3,5,3,3,4,3,5,4,4,3,4,4,3,5,3,4,5,,,,,,,
266,5,5,5,5,3,5,4,3,3,4,4,5,4,4,5,3,3,4,,,,,,,
267,4,3,3,4,5,4,5,5,3,4,5,4,3,4,4,3,3,4,,,,,,,
268,4,3,3,5,3,5,4,3,5,3,4,4,3,5,3,4,4,5,,,,,,,
269,5,5,5,4,4,5,3,4,4,3,5,5,3,4,3,5,3,4,,,,,,,
270,4,3,5,5,5,5,4,3,3,5,5,5,5,5,5,5,3,5,,,,,,,
271,4,3,4,4,5,3,5,3,4,4,4,3,3,3,5,5,3,5,,,,,,,
272,3,4,4,5,3,5,5,3,4,5,4,5,5,3,4,4,5,5,,,,,,,
273,4,3,3,5,4,3,4,4,5,5,3,5,5,5,3,3,5,3,,,,,,,
274,4,5,3,5,3,5,3,4,4,3,3,4,3,4,4,3,4,3,,,,,,,
275,3,5,3,4,3,4,4,3,5,5,5,5,5,5,3,5,5,3,,,,,,,
276,5,3,4,4,5,3,3,3,3,3,5,4,5,5,3,4,5,3,,,,,,,
277,5,3,3,5,5,3,5,5,5,5,4,3,4,4,3,3,5,4,,,,,,,
278,3,5,3,3,5,5,3,4,3,4,3,3,3,3,3,3,3,4,,,,,,,
279,4,4,3,4,3,3,5,4,5,5,4,4,3,3,3,5,4,3,,,,,,,
280,4,3,3,5,4,5,5,5,5,5,4,4,5,4,3,3,3,5,,,,,,,
281,4,3,5,3,4,5,3,4,5,3,5,3,5,5,4,3,3,5,,,,,,,
282,4,4,3,4,5,5,4,3,4,5,4,3,4,4,5,4,3,5,,,,,,,
283,3,5,3,5,5,4,5,5,3,4,5,5,4,5,4,3,3,3,,,,,,,
284,4,3,4,3,3,3,5,3,5,5,4,4,3,4,5,3,4,5,,,,,,,
285,4,3,3,5,3,5,4,3,5,5,3,4,3,5,5,5,4,3,,,,,,,
286,5,5,5,5,3,4,5,4,5,3,3,4,4,3,5,3,3,3,,,,,,,
287,3,3,5,4,3,3,3,3,3,3,5,4,3,5,4,3,3,3,,,,,,,
288,5,5,5,4,3,4,3,3,4,4,4,4,5,5,3,4,5,3,,,,,,,
289,3,3,4,4,5,3,5,4,5,3,3,3,3,3,5,4,5,3,,,,,,,
290,4,5,4,4,4,3,3,3,5,5,3,5,3,5,5,4,4,5,,,,,,,
291,4,3,4,5,5,3,5,5,4,5,4,4,3,4,5,5,4,4,,,,,,,
292,4,5,5,3,5,3,5,3,5,4,4,5,3,3,5,4,4,4,,,,,,,
293,4,3,4,3,3,4,4,4,5,4,4,3,5,3,5,4,5,5,,,,,,,
294,4,4,3,4,4,5,3,3,5,4,3,3,3,4,3,3,3,4,,,,,,,
295,5,4,4,5,5,4,4,3,4,3,5,4,4,3,3,3,5,3,,,,,,,
296,5,5,3,3,4,4,4,4,3,5,3,4,4,5,3,4,4,5,,,,,,,
297,4,5,5,3,3,4,5,3,5,3,5,4,3,3,5,3,3,4,,,,,,,
298,5,4,4,4,3,5,4,4,3,3,5,5,4,5,4,4,4,4,,,,,,,
299,4,5,5,4,3,5,4,5,4,4,4,5,5,5,3,4,5,3,,,,,,,
300,4,3,4,4,4,3,4,3,5,5,3,4,5,5,3,3,5,3,,,,,,,
301,3,5,5,3,3,3,3,3,3,3,4,4,3,3,5,5,4,5,,,,,,,
302,5,5,5,3,5,3,3,3,4,4,5,4,5,5,4,4,3,5,,,,,,,
303,4,5,3,3,3,5,5,3,3,3,3,3,4,5,5,3,5,3,,,,,,,
304,3,5,4,5,3,5,3,4,3,5,3,5,4,4,3,4,5,3,,,,,,,
305,4,5,5,4,3,4,3,4,4,5,4,4,5,4,3,5,3,5,,,,,,,
306,5,5,4,4,3,5,5,4,4,4,3,5,3,3,3,4,3,5,,,,,,,
307,5,4,3,5,4,4,3,5,5,4,4,3,3,3,5,4,4,3,,,,,,,
308,3,4,4,5,4,5,3,5,4,3,3,3,3,3,3,5,3,3,,,,,,,
309,3,3,5,5,4,4,3,5,5,4,3,5,5,3,3,5,3,5,,,,,,,
310,4,3,3,5,5,4,3,4,3,5,5,3,3,4,5,4,5,5,,,,,,,
311,5,5,3,5,4,3,5,4,3,4,3,5,5,3,3,5,3,4,,,,,,,
312,5,5,5,3,4,3,3,3,5,3,5,3,3,3,4,5,4,5,,,,,,,
313,3,4,3,4,4,5,4,3,4,5,3,4,5,5,3,3,3,5,,,,,,,
314,4,3,5,4,4,3,4,5,3,5,4,5,5,4,3,4,5,4,,,,,,,
315,3,3,4,4,3,3,4,4,4,3,4,5,4,3,4,3,4,5,,,,,,,
316,3,4,4,3,4,5,4,4,3,4,3,4,3,5,3,4,5,3,,,,,,,
317,4,3,4,4,4,5,3,5,5,5,5,4,4,4,5,5,5,5,,,,,,,
318,5,4,3,4,5,5,4,5,4,5,4,5,3,3,5,3,5,3,,,,,,,
319,4,5,5,4,5,3,5,3,4,3,3,4,4,3,4,4,4,5,,,,,,,
320,5,4,4,4,5,5,5,5,3,3,3,5,3,3,3,3,3,3,,,,,,,
321,3,4,4,3,5,3,4,5,4,5,5,3,3,3,4,3,5,3,,,,,,,
322,3,4,3,4,4,3,3,5,5,4,5,5,3,5,4,5,3,3,,,,,,,
323,3,3,5,4,5,3,3,4,3,5,3,4,4,5,5,5,4,5,,,,,,,
324,5,4,5,4,5,5,3,4,5,5,4,3,3,4,4,4,5,4,,,,,,,
325,4,4,3,3,5,3,3,4,3,5,4,4,5,3,4,4,5,3,,,,,,,
326,5,5,3,4,4,5,5,4,3,5,5,4,3,3,4,4,5,3,,,,,,,
327,3,5,4,4,3,4,3,5,5,4,4,4,3,5,3,3,5,5,,,,,,,
328,5,3,3,5,5,5,4,5,5,5,4,4,3,3,5,3,4,4,,,,,,,
329,4,4,4,4,5,4,5,3,4,3,3,5,5,3,5,4,4,5,,,,,,,
330,4,5,3,5,3,3,5,3,3,5,4,3,5,4,5,5,3,4,,,,,,,
331,4,5,5,4,5,3,4,3,4,4,3,4,5,4,5,4,4,5,,,,,,,
332,5,3,3,3,3,4,4,5,3,3,5,5,3,3,5,4,3,3,,,,,,,
333,3,3,4,4,4,3,3,5,5,5,3,3,5,3,4,4,5,3,,,,,,,
334,5,5,5,3,3,3,5,4,4,4,3,5,5,5,3,3,5,3,,,,,,,
335,5,4,3,4,4,5,5,4,4,3,5,4,5,5,3,5,3,5,,,,,,,
336,4,4,4,5,3,5,3,4,4,4,3,5,5,4,5,5,5,3,,,,,,,
337,5,3,5,5,5,5,5,4,4,3,4,4,4,3,4,3,4,5,,,,,,,
338,5,3,5,3,4,4,5,5,4,5,4,4,4,4,4,5,4,4,,,,,,,
339,3,3,3,3,5,3,4,4,4,4,5,3,4,3,3,4,4,3,,,,,,,
340,4,3,4,4,4,4,4,4,5,5,3,5,4,3,5,5,3,4,,,,,,,
341,4,3,5,5,3,5,5,4,3,3,3,3,4,3,4,3,5,4,,,,,,,
342,5,3,5,3,5,3,5,3,3,4,5,3,4,3,5,4,5,3,,,,,,,
343,4,5,4,3,4,3,5,4,4,3,3,3,4,4,3,3,4,3,,,,,,,
344,5,3,5,3,4,5,5,5,4,5,3,5,3,5,4,4,3,5,,,,,,,
345,4,5,3,4,3,4,3,5,4,3,3,5,3,3,5,5,4,3,,,,,,,
346,5,5,5,3,5,3,5,5,3,3,5,3,4,5,4,4,4,3,,,,,,,
347,5,4,4,4,3,5,3,4,4,4,5,5,3,4,3,3,3,5,,,,,,,
348,4,3,3,3,3,3,3,3,3,5,3,4,4,5,4,3,5,3,,,,,,,
349,4,4,4,5,4,3,3,4,4,4,3,3,5,4,3,3,4,4,,,,,,,
350,3,5,4,3,4,4,5,4,4,3,5,4,4,4,3,3,4,3,,,,,,,
351,3,3,4,3,5,4,3,5,4,4,4,4,5,3,4,4,4,3,,,,,,,
352,5,4,5,5,3,4,3,4,5,4,4,4,4,3,3,4,3,3,,,,,,,
353,5,3,3,4,4,5,5,5,5,5,5,3,3,5,4,4,4,3,,,,,,,
354,5,5,4,3,3,4,3,5,4,5,3,4,3,3,4,4,4,5,,,,,,,
355,3,3,5,4,4,5,5,3,4,4,5,4,5,5,4,3,3,5,,,,,,,
356,3,3,4,5,3,5,3,4,3,4,5,5,3,5,5,4,3,3,,,,,,,
357,5,3,5,3,3,3,4,4,5,5,4,3,5,3,3,3,5,3,,,,,,,
358,5,3,4,4,3,5,3,5,5,5,5,4,4,4,5,3,4,5,,,,,,,
359,3,3,5,4,4,5,4,4,3,5,5,3,5,4,3,3,4,3,,,,,,,
360,3,4,3,4,4,3,3,3,3,4,5,4,4,4,3,5,4,5,,,,,,,
361,3,3,4,3,3,3,3,5,3,3,5,4,4,4,3,4,4,5,,,,,,,
362,3,4,3,5,5,3,3,4,5,4,3,3,4,5,4,5,3,5,,,,,,,
363,3,5,5,4,5,3,4,3,4,3,5,5,3,4,4,3,4,5,,,,,,,
364,4,3,5,4,3,3,4,4,3,3,4,4,5,5,5,5,5,3,,,,,,,
365,5,5,3,5,5,5,3,4,3,5,4,5,4,3,5,5,4,3,,,,,,,
366,4,3,3,5,4,3,4,4,5,4,5,4,3,4,4,5,5,3,,,,,,,
367,3,5,5,4,4,3,4,5,4,4,4,3,4,5,4,4,3,5,,,,,,,
368,4,5,3,3,5,4,4,4,5,3,5,3,4,4,5,5,5,5,,,,,,,
369,5,3,4,3,5,5,3,4,5,4,5,4,3,5,4,4,5,4,,,,,,,
370,5,4,4,5,5,4,3,4,4,5,3,4,3,5,5,4,3,3,,,,,,,
371,3,3,5,4,3,5,4,4,4,4,4,5,4,4,4,4,5,3,,,,,,,
372,4,4,5,5,4,5,5,4,5,5,4,4,3,3,3,4,3,4,,,,,,,
373,5,5,5,5,3,3,3,4,5,4,5,4,5,4,4,4,5,4,,,,,,,
374,5,4,5,5,3,5,4,5,3,3,4,5,4,3,4,3,5,3,,,,,,,
375,3,4,5,5,3,5,4,5,4,4,4,3,4,3,4,5,3,4,,,,,,,
376,3,4,4,4,4,3,3,5,3,4,5,4,4,3,3,4,3,3,,,,,,,
377,4,4,4,5,4,4,5,4,5,3,4,3,4,5,3,3,5,3,,,,,,,
378,3,5,4,5,5,5,5,5,3,4,4,4,3,3,3,5,5,4,,,,,,,
379,3,4,5,3,5,5,3,4,3,4,4,3,5,5,3,4,4,3,,,,,,,
380,4,3,5,5,4,5,3,5,4,5,4,4,3,4,4,3,4,5,,,,,,,
381,3,5,3,3,4,4,3,5,5,4,4,5,4,3,4,3,3,5,,,,,,,
382,3,3,5,4,4,3,5,4,4,4,4,5,3,5,3,5,4,5,,,,,,,
383,5,4,3,4,3,5,3,3,4,5,3,5,3,5,4,5,3,3,,,,,,,
384,3,5,5,4,5,3,5,4,3,4,3,3,3,4,4,4,5,5,,,,,,,
385,3,4,5,4,5,3,5,5,3,3,4,4,5,5,5,4,4,3,,,,,,,
386,4,5,4,5,5,3,5,3,3,5,3,3,5,4,3,3,3,5,,,,,,,
387,4,4,3,3,4,4,4,3,5,5,5,5,3,5,3,3,3,4,,,,,,,
388,5,3,3,5,3,5,5,4,3,5,3,4,4,3,5,3,4,5,,,,,,,
389,5,4,4,3,3,4,3,5,5,3,5,4,3,5,5,3,5,4,,,,,,,
390,3,4,3,4,3,3,3,4,3,5,3,5,4,5,3,5,4,4,,,,,,,
391,5,4,3,4,3,3,3,3,4,5,4,3,5,4,5,4,3,4,,,,,,,
392,5,5,4,4,4,5,5,3,5,3,4,5,5,5,4,4,4,4,,,,,,,
393,5,5,5,3,3,4,4,3,5,5,3,4,4,3,4,5,4,3,,,,,,,
394,3,3,4,4,3,5,5,4,5,4,5,3,4,4,5,3,3,5,,,,,,,
395,4,3,4,3,3,5,4,3,4,3,5,3,5,4,5,3,4,3,,,,,,,
396,4,4,5,3,5,3,4,3,4,4,4,3,3,5,4,5,3,3,,,,,,,
397,3,4,4,3,5,5,4,3,4,3,3,3,4,5,3,4,5,5,,,,,,,
398,5,3,5,3,5,4,5,4,4,5,4,3,3,4,5,4,4,4,,,,,,,
399,3,4,3,4,4,4,3,3,3,4,5,3,4,5,3,4,4,4,,,,,,,
400,5,3,4,5,3,5,5,3,3,3,3,3,3,5,4,3,5,3,,,,,,,
401,5,5,3,5,5,5,4,3,5,3,4,4,5,3,3,3,5,4,,,,,,,
402,5,5,3,4,4,4,5,4,5,5,4,5,3,3,5,4,4,4,,,,,,,
403,4,3,3,5,4,5,3,4,3,3,3,3,3,5,4,4,3,3,,,,,,,
404,4,4,3,3,4,5,3,5,4,4,5,4,4,5,4,3,5,5,,,,,,,
405,5,3,4,5,4,3,4,4,3,4,5,4,5,4,5,3,3,4,,,,,,,
406,5,3,3,4,3,4,4,3,5,4,5,5,4,4,3,5,5,4,,,,,,,
407,4,5,4,4,5,5,3,5,3,4,3,4,5,5,3,4,5,5,,,,,,,
408,4,5,4,3,5,5,3,5,4,4,4,3,4,5,5,5,4,5,,,,,,,
409,3,3,4,3,3,4,5,3,3,4,5,4,5,4,5,4,5,4,,,,,,,
410,3,4,3,5,4,4,4,5,5,4,5,5,3,3,4,3,4,3,,,,,,,
411,5,5,5,4,5,3,5,5,4,3,5,5,5,5,3,5,5,3,,,,,,,
412,5,5,4,5,3,4,5,5,4,3,5,5,5,3,5,3,3,3,,,,,,,
413,3,4,5,5,4,4,4,5,5,3,4,5,4,5,3,3,3,5,,,,,,,
414,4,3,5,4,4,3,5,4,3,4,5,5,5,4,4,5,3,5,,,,,,,
415,4,3,5,4,5,5,5,4,5,3,3,3,3,5,5,3,4,3,,,,,,,
416,4,5,3,5,3,5,3,3,4,4,3,3,4,4,3,3,3,5,,,,,,,
417,4,4,4,5,5,3,3,4,3,3,5,4,5,3,3,4,4,4,,,,,,,
418,4,3,5,3,4,5,3,5,5,3,5,4,4,4,4,5,5,3,,,,,,,
419,3,5,3,4,4,3,3,4,5,5,5,4,5,3,5,5,5,3,,,,,,,
420,5,5,5,4,3,4,4,5,4,4,5,4,3,5,5,4,5,5,,,,,,,
421,4,4,5,5,5,4,4,4,3,3,5,4,4,3,4,5,3,3,,,,,,,
422,5,5,3,4,4,4,3,3,5,3,4,3,4,5,4,5,3,4,,,,,,,
423,4,3,3,4,4,5,3,3,5,5,5,4,4,4,5,5,5,5,,,,,,,
424,5,4,4,5,4,5,4,4,5,4,4,4,4,4,3,3,4,5,,,,,,,
425,5,3,5,4,4,3,5,3,5,4,5,3,4,4,4,4,3,5,,,,,,,
426,5,4,4,5,5,4,5,5,5,3,3,3,3,3,4,5,4,5,,,,,,,
427,4,4,3,3,5,5,3,5,3,3,5,3,4,4,3,3,4,5,,,,,,,
428,3,4,5,5,5,3,3,5,5,5,5,4,4,4,4,4,5,3,,,,,,,
429,3,3,4,3,3,5,4,5,3,3,4,4,3,5,3,4,4,4,,,,,,,
430,4,3,4,4,3,4,4,4,5,4,3,3,5,3,3,4,3,4,,,,,,,
431,5,3,4,3,4,3,4,4,5,3,4,4,4,5,3,5,3,4,,,,,,,
432,3,5,4,4,5,5,5,3,5,3,3,3,4,3,5,4,5,3,,,,,,,
433,3,3,4,5,4,5,5,3,4,5,5,3,5,4,5,5,3,3,,,,,,,
434,5,3,5,4,5,4,5,5,4,5,3,4,5,4,4,4,4,4,,,,,,,
435,4,4,3,5,5,5,3,4,3,4,3,5,4,3,3,5,5,3,,,,,,,
436,4,5,5,5,5,4,4,4,5,4,3,5,4,5,3,3,5,3,,,,,,,
437,3,3,5,3,3,3,5,4,4,3,5,3,5,4,3,3,4,3,,,,,,,
438,5,5,3,3,4,5,3,5,5,3,3,5,5,5,4,3,3,4,,,,,,,
439,4,5,3,3,4,3,4,3,4,5,3,3,3,5,4,5,4,3,,,,,,,
440,5,4,4,5,4,5,4,5,4,4,5,3,4,5,3,4,3,4,,,,,,,
441,4,4,3,3,5,4,4,3,4,5,5,3,4,3,4,4,4,5,,,,,,,
442,5,3,4,4,5,5,4,3,4,4,3,3,4,5,4,3,3,3,,,,,,,
443,5,5,4,3,5,4,4,5,4,4,3,4,3,4,4,3,3,4,,,,,,,
444,3,5,5,4,3,3,4,5,3,3,5,5,3,5,5,4,4,3,,,,,,,
445,5,5,5,3,3,5,5,5,4,4,3,4,5,5,4,5,5,3,,,,,,,
446,5,4,5,5,5,5,3,4,5,5,5,3,3,4,3,4,4,5,,,,,,,
447,4,4,5,5,3,4,5,3,3,4,4,4,5,4,4,3,4,3,,,,,,,
448,5,5,5,3,5,3,5,5,3,5,3,4,5,5,5,4,3,5,,,,,,,
449,4,3,3,5,3,4,3,5,3,4,3,5,5,5,5,4,4,5,,,,,,,
450,3,3,3,5,4,4,3,4,3,5,3,4,3,5,5,5,3,4,,,,,,,
451,5,4,4,5,3,4,3,5,5,3,3,5,4,4,4,5,4,5,,,,,,,
452,4,3,4,4,4,3,3,4,5,3,4,4,3,4,5,3,5,4,,,,,,,
453,3,4,4,3,4,4,3,4,4,3,5,3,3,5,4,5,3,5,,,,,,,
454,4,3,3,3,5,4,3,5,4,3,3,4,5,5,5,3,5,4,,,,,,,
455,5,5,3,5,5,3,4,3,5,3,3,3,4,3,5,5,5,3,,,,,,,
456,4,5,5,5,4,5,4,4,4,3,3,5,5,4,4,4,3,4,,,,,,,
457,5,4,3,4,5,4,4,4,5,3,5,3,3,4,5,5,3,3,,,,,,,
458,3,3,4,4,5,5,3,4,3,3,3,5,4,3,4,3,5,5,,,,,,,
459,5,5,3,3,4,3,3,3,3,4,5,5,4,4,3,5,3,5,,,,,,,
460,5,3,4,3,3,4,4,4,5,5,4,5,5,4,5,5,4,3,,,,,,,
461,4,4,3,3,5,4,5,4,4,5,5,3,3,3,5,4,4,3,,,,,,,
462,5,4,4,3,3,4,5,3,5,3,4,5,5,3,5,5,3,5,,,,,,,
463,3,3,3,3,3,5,4,4,5,3,3,3,3,3,5,4,3,5,,,,,,,
464,3,3,4,4,5,4,3,5,5,3,3,4,3,4,3,5,4,3,,,,,,,
465,5,4,3,5,4,5,4,3,3,5,5,5,4,5,3,4,3,3,,,,,,,
466,4,5,3,4,4,5,5,5,3,4,5,4,3,3,3,5,5,5,,,,,,,
467,4,4,3,3,4,3,3,3,5,5,3,3,3,3,5,4,4,3,,,,,,,
468,5,5,4,3,5,5,5,4,3,5,3,5,5,4,4,4,3,4,,,,,,,
469,4,5,4,3,4,3,3,3,5,4,4,4,3,5,5,5,4,5,,,,,,,
470,4,3,5,4,3,3,4,3,5,3,5,3,5,4,4,3,3,5,,,,,,,
471,4,4,4,4,3,4,5,5,3,3,5,4,4,3,5,3,4,5,,,,,,,
472,3,4,5,4,5,5,5,4,3,5,5,4,3,4,4,3,5,3,,,,,,,
473,4,5,5,5,5,3,3,4,4,3,4,4,4,4,5,5,4,4,,,,,,,
474,3,3,3,3,3,3,3,3,4,3,5,4,5,5,3,5,5,3,,,,,,,
475,5,4,5,4,3,5,5,3,3,4,5,3,3,3,4,4,3,4,,,,,,,
476,3,4,5,4,4,5,5,5,5,3,5,4,5,5,4,3,5,5,,,,,,,
477,4,3,3,3,4,5,4,5,3,4,4,4,4,3,5,5,5,4,,,,,,,
478,4,3,4,3,4,4,3,3,3,5,5,5,5,3,5,4,4,5,,,,,,,
479,3,5,3,3,3,5,4,5,5,5,4,3,3,4,3,4,5,4,,,,,,,
480,5,4,4,3,4,4,4,5,5,5,3,4,5,4,4,5,4,4,,,,,,,
481,5,4,3,4,3,5,4,3,4,4,4,5,4,5,3,4,3,4,,,,,,,
482,4,5,3,4,4,4,3,3,5,3,5,3,3,5,4,3,5,4,,,,,,,
483,4,3,4,4,3,5,4,3,3,3,3,5,3,5,5,5,5,3,,,,,,,
484,3,5,4,3,4,3,4,3,5,4,4,3,4,5,3,4,5,3,,,,,,,
485,4,3,3,4,3,4,3,3,5,4,3,3,5,3,5,4,4,3,,,,,,,
486,4,4,5,5,4,4,4,3,3,5,3,3,5,4,5,5,5,3,,,,,,,
487,5,4,4,4,4,3,5,4,4,3,5,5,4,4,3,3,3,3,,,,,,,
488,4,5,3,4,5,5,3,3,5,3,4,3,3,5,5,3,4,3,,,,,,,
489,4,4,4,5,3,4,5,3,4,5,5,3,5,5,3,3,3,5,,,,,,,
490,4,5,4,4,3,5,3,3,3,3,3,4,3,3,3,4,3,3,,,,,,,
491,3,5,5,4,3,3,4,5,5,5,5,5,5,4,5,5,3,4,,,,,,,
492,5,5,4,3,4,3,3,4,5,3,3,5,4,3,3,4,3,5,,,,,,,
493,4,4,4,4,4,3,4,5,3,4,3,3,3,4,3,4,4,3,,,,,,,
494,3,3,4,3,3,3,5,4,3,5,5,4,3,4,4,5,3,5,,,,,,,
495,5,5,4,5,3,4,3,4,5,3,4,3,3,5,3,4,3,5,,,,,,,
496,4,5,4,4,4,5,3,3,3,5,5,3,5,5,5,5,5,4,,,,,,,
497,3,3,4,4,3,5,3,4,5,5,3,4,5,4,4,3,4,3,,,,,,,
498,4,3,3,4,5,4,4,3,5,5,3,4,5,3,5,3,3,4,,,,,,,
499,3,3,3,5,3,3,5,4,4,3,4,4,4,4,5,4,5,4,,,,,,,
500,3,3,3,3,4,3,4,4,4,3,3,3,4,3,5,3,5,3,,,,,,,
501,4,4,4,5,3,5,5,5,4,5,5,5,5,5,3,5,5,3,,,,,,,
502,4,5,3,4,5,5,4,5,5,4,3,3,3,5,3,5,4,5,,,,,,,
503,4,5,3,3,3,4,5,3,4,5,3,5,5,4,4,3,5,4,,,,,,,
504,4,4,4,5,5,4,3,4,5,3,3,4,4,4,3,4,3,3,,,,,,,
505,3,4,4,3,3,4,4,4,3,4,3,5,3,5,4,3,5,5,,,,,,,
506,4,3,5,3,5,3,5,4,5,4,3,5,4,5,5,4,5,4,,,,,,,
507,3,3,3,3,5,3,3,5,5,3,3,3,3,4,3,4,5,5,,,,,,,
508,4,3,3,5,5,5,4,3,3,3,5,3,3,5,4,3,3,5,,,,,,,
509,4,4,4,4,5,5,3,3,3,3,5,5,3,4,4,4,3,5,,,,,,,
510,5,4,3,4,3,4,3,3,5,5,3,3,5,4,4,3,4,5,,,,,,,
511,3,4,5,5,3,3,4,3,5,4,4,3,4,3,5,4,3,4,,,,,,,
512,4,3,3,5,3,5,4,5,4,3,4,4,3,4,3,4,4,3,,,,,,,
513,3,5,3,5,4,3,5,3,4,3,4,4,5,5,4,5,3,5,,,,,,,
514,5,5,4,3,4,5,4,5,4,5,3,5,5,4,3,4,4,3,,,,,,,
515,3,3,4,3,4,3,4,5,3,3,3,4,3,5,5,3,4,5,,,,,,,
516,3,3,4,3,5,5,5,4,3,4,4,3,5,4,5,4,4,4,,,,,,,
517,3,5,3,3,3,5,3,4,4,4,4,3,5,3,4,5,5,4,,,,,,,
